country_code_cow,year,rr_jntdem,rr_priorviol,rr_rile_a,rr_rile_b,rr_s_un_glo,rr_tot_rivals,rr_moent,rr_dayent,rr_totmids2,rr_totmids5,rr_undist,rr_inst,rr_coldwar,rr_interact,rr_symm,rr_concon,rr_conmod,rr_libmod,rr_con_norile,rr_lib_norile,rr_mod_norile,rr_cinc_rile,rr_cinc_rile2,rr_strngcon,rr_strnglft,rr_wkcon,rr_wklft,rr_strngmod,rr_wkmod,rr_mxd,rr_modmod,rr_strng_norile,rr_wk_norile,rr_cap_a,rr_cap_b,rr_lncprtio,rr_active,rr_cond_act,rr_noact_cnd,rr_cnflct_cnd,rr_cnflct_cnd2,rr_strngconXcap,rr_strnglftXcap,rr_s_norileXcap,rr_wkconXcap,rr_wklftXcap,rr_wk_norileXcap,rr_voice4,rr_voice3,rr_rile_norile,rr_liblib,rr_nr_dem,rr_nr_nodem,rr_strng_nrdem,rr_wk_nrdem,rr_strng_nrnodem,rr_wk_nrnodem,rr_nrdem_lft,rr_nrdem_con,rr_nrdem_mod,rr_nrnodem_lft,rr_nrnodem_con,rr_nrnodem_mod,rr_defcommit,rr_hierarch,dyad_count
2,1951,0.0,0.0,-18.905,,0.078947,6.0,8.0,30.0,7.0,9.0,1.207422,1.0,1.0,0.0,0.0,0.0,0.0,0.0,0.0,1.0,0.0,-18.905,-18.905,0.0,1.0,0.0,0.0,0.0,0.0,0.0,0.0,0.0,1.0,0.3194995,0.0032308,4.594026,1.0,1.0,0.0,3.0,4.0,0.0,4.594026,0.0,0.0,0.0,4.594026,0.0,0.0,1.0,0.0,0.0,1.0,0.0,0.0,0.0,1.0,0.0,0.0,0.0,1.0,0.0,0.0,1.0,0.0,1
2,1953,0.0,0.0,19.5,,0.029536,6.0,10.0,1.0,6.0,14.0,,3.0,1.0,0.0,0.0,0.0,0.0,0.0,1.0,0.0,0.0,19.5,19.5,1.0,0.0,0.0,0.0,0.0,0.0,0.0,0.0,0.0,1.0,0.3111584,0.0075858,3.714024,1.0,1.0,0.0,3.0,4.0,3.714024,0.0,0.0,0.0,0.0,3.714024,0.0,0.0,1.0,0.0,0.0,1.0,0.0,0.0,0.0,1.0,0.0,0.0,0.0,0.0,1.0,0.0,1.0,1.0,1
2,1954,0.0,0.0,19.5,,0.073171,7.0,12.0,2.0,16.0,26.0,0.875806,3.0,1.0,0.0,0.0,0.0,0.0,0.0,1.0,0.0,0.0,19.5,19.5,1.0,0.0,0.0,0.0,0.0,0.0,0.0,0.0,0.0,1.0,0.2809401,0.0064802,3.76939,1.0,1.0,0.0,3.0,3.0,3.76939,0.0,0.0,0.0,0.0,3.76939,0.0,0.0,1.0,0.0,0.0,1.0,0.0,0.0,0.0,1.0,0.0,0.0,0.0,0.0,1.0,0.0,1.0,1.0,1
2,1959,0.0,0.0,-5.3,,0.16666675,11.25,4.0,5.75,15.25,29.0,0.48654598,1.0,1.0,0.0,0.0,0.0,0.0,0.0,0.0,0.0,1.0,-5.3,-5.3,0.0,0.0,0.0,0.0,1.0,0.0,0.0,0.0,0.0,1.0,0.2289647,0.00584745,4.5010448,0.75,0.75,0.25,3.25,4.75,0.0,0.0,0.0,0.0,0.0,4.5010448,0.0,0.0,1.0,0.0,0.0,1.0,0.0,0.0,0.0,1.0,0.0,0.0,0.0,0.0,0.0,1.0,0.75,0.0,4
2,1960,1.0,0.0,-5.3,,0.264798,11.0,1.0,19.0,17.0,32.0,0.879866,3.0,1.0,0.0,0.0,0.0,0.0,0.0,0.0,0.0,1.0,-5.3,-5.3,0.0,0.0,0.0,0.0,1.0,0.0,0.0,0.0,0.0,1.0,0.2154438,0.0363349,1.7799214,1.0,1.0,0.0,4.0,6.0,0.0,0.0,0.0,0.0,0.0,1.7799214,1.0,1.0,1.0,0.0,1.0,0.0,0.0,1.0,0.0,0.0,0.0,0.0,1.0,0.0,0.0,0.0,1.0,1.0,1
2,1963,0.0,0.0,-19.1,,0.316527,10.0,9.0,26.0,14.0,28.0,0.152204,3.0,1.0,0.0,0.0,0.0,0.0,0.0,0.0,1.0,0.0,-19.1,-19.1,0.0,1.0,0.0,0.0,0.0,0.0,0.0,0.0,0.0,1.0,0.2079665,0.0096332,3.0721614,1.0,0.0,0.0,4.0,5.0,0.0,3.0721614,0.0,0.0,0.0,3.0721614,2.0,2.0,1.0,0.0,0.0,1.0,0.0,0.0,0.0,1.0,0.0,0.0,0.0,1.0,0.0,0.0,1.0,1.0,1
2,1970,0.0,0.0,1.6,,0.378109,11.0,8.0,6.0,6.0,20.0,1.473396,3.0,1.0,0.0,0.0,0.0,0.0,0.0,0.0,0.0,1.0,1.6,1.6,0.0,0.0,0.0,0.0,1.0,0.0,0.0,0.0,0.0,1.0,0.1809692,0.0103833,2.858128,0.0,0.0,1.0,1.0,1.0,0.0,0.0,0.0,0.0,0.0,2.858128,2.0,2.0,1.0,0.0,0.0,1.0,0.0,0.0,0.0,1.0,0.0,0.0,0.0,0.0,0.0,1.0,0.0,1.0,1
2,1976,0.0,0.0,0.7,,0.434879,12.0,1.0,24.0,9.0,20.0,1.458262,3.0,1.0,0.0,0.0,0.0,0.0,0.0,0.0,1.0,0.0,0.7,0.7,0.0,0.0,0.0,0.0,1.0,0.0,0.0,0.0,0.0,1.0,0.1424627,0.0118364,2.4879007,1.0,1.0,0.0,3.0,7.0,0.0,0.0,0.0,0.0,0.0,2.4879007,2.0,2.0,1.0,0.0,0.0,1.0,0.0,0.0,0.0,1.0,0.0,0.0,0.0,0.0,0.0,1.0,1.0,1.0,1
2,1977,0.0,0.0,-19.8,,0.719298,9.0,9.0,7.0,9.0,22.0,2.492708,3.0,1.0,0.0,0.0,0.0,0.0,0.0,0.0,1.0,0.0,-19.8,-19.8,0.0,1.0,0.0,0.0,0.0,0.0,0.0,0.0,0.0,1.0,0.1418244,0.0002996,6.159897,1.0,1.0,0.0,3.0,3.0,0.0,6.159897,0.0,0.0,0.0,6.159897,3.0,2.0,1.0,0.0,0.0,1.0,0.0,0.0,0.0,1.0,0.0,0.0,0.0,1.0,0.0,0.0,1.0,1.0,1
2,1981,1.0,0.0,22.4,10.598,0.379455,11.0,11.0,30.0,12.0,28.0,0.306008,2.0,1.0,0.0,0.0,1.0,0.0,0.0,0.0,0.0,0.0,22.4,22.4,1.0,0.0,1.0,0.0,0.0,0.0,0.0,0.0,0.0,0.0,0.1380075,0.0032868,3.7373936,1.0,1.0,0.0,3.0,4.0,3.7373936,0.0,0.0,3.7373936,0.0,0.0,2.0,2.0,0.0,0.0,0.0,0.0,0.0,0.0,0.0,0.0,0.0,0.0,0.0,0.0,0.0,0.0,1.0,0.0,1
20,1971,0.0,0.0,-6.5,,0.616307,7.0,5.0,19.0,4.0,24.0,3.744608,1.0,1.0,0.0,0.0,0.0,0.0,0.0,0.0,0.0,1.0,-6.5,-6.5,0.0,0.0,0.0,0.0,0.0,1.0,0.0,0.0,1.0,0.0,0.0114839,0.172277,2.7081575,0.0,0.0,0.0,2.0,2.0,0.0,0.0,2.7081575,0.0,0.0,0.0,1.0,1.0,1.0,0.0,0.0,1.0,0.0,0.0,1.0,0.0,0.0,0.0,0.0,0.0,0.0,1.0,0.0,0.0,1
20,1991,0.0,0.0,18.3,,0.20904,1.0,1.0,16.0,2.0,8.0,1.889493,3.0,0.0,0.0,1.0,0.0,0.0,0.0,1.0,0.0,0.0,18.3,18.3,1.0,0.0,0.0,0.0,0.0,0.0,0.0,0.0,0.0,1.0,0.0116946,0.0004678,3.2188416,1.0,0.0,0.0,4.0,5.0,3.2188416,0.0,0.0,0.0,0.0,3.2188416,1.0,1.0,1.0,0.0,0.0,1.0,0.0,0.0,0.0,1.0,0.0,0.0,0.0,0.0,1.0,0.0,1.0,1.0,1
20,1992,1.0,0.0,18.3,,0.462247,8.0,6.0,19.0,4.0,7.0,0.865499,1.0,0.0,0.0,0.0,0.0,0.0,0.0,1.0,0.0,0.0,,,0.0,0.0,1.0,0.0,0.0,0.0,0.0,0.0,1.0,0.0,0.0120168,0.0672895,1.7226986,0.0,0.0,1.0,1.0,1.0,0.0,0.0,1.7226986,1.7226986,0.0,0.0,0.0,0.0,1.0,0.0,1.0,0.0,1.0,0.0,0.0,0.0,0.0,1.0,0.0,0.0,0.0,0.0,0.0,0.0,1
95,1977,0.0,0.0,-19.8,,0.719298,9.0,9.0,7.0,9.0,22.0,2.492708,3.0,1.0,0.0,0.0,0.0,0.0,0.0,0.0,1.0,0.0,-19.8,-19.8,0.0,1.0,0.0,0.0,0.0,0.0,0.0,0.0,0.0,1.0,0.1418244,0.0002996,6.159897,1.0,1.0,0.0,3.0,3.0,0.0,6.159897,0.0,0.0,0.0,6.159897,3.0,2.0,1.0,0.0,0.0,1.0,0.0,0.0,0.0,1.0,0.0,0.0,0.0,1.0,0.0,0.0,1.0,1.0,1
200,1946,0.0,0.0,-31.3,,0.838384,5.0,3.0,22.0,1.0,7.0,,3.0,1.0,0.0,0.0,0.0,0.0,0.0,0.0,1.0,0.0,-31.3,-31.3,0.0,1.0,0.0,0.0,0.0,0.0,0.0,0.0,0.0,1.0,0.1161727,0.0002177,6.279715,1.0,0.0,0.0,4.0,7.0,0.0,6.279715,0.0,0.0,0.0,6.279715,0.0,0.0,1.0,0.0,0.0,1.0,0.0,0.0,0.0,1.0,0.0,0.0,0.0,1.0,0.0,0.0,1.0,1.0,1
200,1947,1.0,0.0,-31.3,22.924,0.787879,4.0,3.0,4.0,5.0,7.0,1.263761,1.0,1.0,0.0,1.0,0.0,0.0,0.0,0.0,0.0,0.0,-31.3,-31.3,0.0,1.0,1.0,0.0,0.0,0.0,1.0,0.0,0.0,0.0,0.0912182,0.0349788,0.9585123,1.0,1.0,0.0,3.0,4.0,0.0,0.9585123,0.0,0.9585123,0.0,0.0,0.0,0.0,0.0,0.0,0.0,0.0,0.0,0.0,0.0,0.0,0.0,0.0,0.0,0.0,0.0,0.0,1.0,0.0,1
200,1948,0.0,0.0,-31.3,,0.768519,4.0,3.0,15.0,5.0,6.0,,3.0,1.0,0.0,0.0,0.0,0.0,0.0,0.0,1.0,0.0,-31.3,-31.3,0.0,1.0,0.0,0.0,0.0,0.0,0.0,0.0,0.0,1.0,0.075426,0.000219,5.8418355,1.0,0.0,0.0,4.0,7.0,0.0,5.8418355,0.0,0.0,0.0,5.8418355,2.0,2.0,1.0,0.0,0.0,1.0,0.0,0.0,0.0,1.0,0.0,0.0,0.0,1.0,0.0,0.0,1.0,1.0,1
200,1953,0.0,0.0,-1.4,,0.578059,9.0,7.0,29.0,7.0,17.0,,3.0,1.0,0.0,0.0,0.0,0.0,0.0,0.0,0.0,1.0,-1.4,-1.4,0.0,0.0,0.0,0.0,1.0,0.0,0.0,0.0,0.0,1.0,0.0560323,0.0001832,5.723105,1.0,0.0,0.0,4.0,7.0,0.0,0.0,0.0,0.0,0.0,5.723105,1.0,1.0,1.0,0.0,0.0,1.0,0.0,0.0,0.0,1.0,0.0,0.0,0.0,0.0,0.0,1.0,1.0,1.0,1
200,1954,0.0,0.0,-1.4,,0.455285,10.0,10.0,19.0,8.0,20.0,2.512333,1.0,1.0,0.0,0.0,0.0,0.0,0.0,0.0,0.0,1.0,-1.4,-1.4,0.0,0.0,0.0,0.0,1.0,0.0,0.0,0.0,0.0,1.0,0.0565141,0.005177,2.3902645,0.0,0.0,1.0,1.0,1.0,0.0,0.0,0.0,0.0,0.0,2.3902645,0.0,0.0,1.0,0.0,0.0,1.0,0.0,0.0,0.0,1.0,0.0,0.0,0.0,0.0,0.0,1.0,0.0,0.0,1
200,1955,0.0,0.0,-16.0,,0.472222,9.5,5.0,17.0,4.5,17.0,1.198228,3.0,1.0,0.0,0.0,0.0,0.0,0.0,0.0,0.5,0.5,-16.0,-16.0,0.0,0.5,0.0,0.0,0.5,0.0,0.0,0.0,0.0,1.0,0.0505929,0.003133,2.9445696,1.0,0.5,0.0,3.5,4.0,0.0,1.1792253,0.0,0.0,0.0,2.9445696,1.5,1.5,1.0,0.0,0.0,1.0,0.0,0.0,0.0,1.0,0.0,0.0,0.0,0.5,0.0,0.5,1.0,1.0,2
200,1957,1.0,0.0,-30.6,,0.610487,6.0,10.0,12.0,5.0,12.0,2.224717,3.0,1.0,0.0,0.0,0.0,0.0,0.0,0.0,1.0,0.0,-30.6,-30.6,0.0,1.0,0.0,0.0,0.0,0.0,0.0,0.0,0.0,1.0,0.0473189,0.0014611,3.4777203,1.0,1.0,0.0,3.0,4.0,0.0,3.4777203,0.0,0.0,0.0,3.4777203,0.0,0.0,1.0,0.0,1.0,0.0,0.0,1.0,0.0,0.0,1.0,0.0,0.0,0.0,0.0,0.0,1.0,1.0,1
200,1960,1.0,0.0,-23.3,,0.626168,7.0,11.0,19.0,1.0,12.0,2.248299,2.0,1.0,0.0,0.0,0.0,0.0,0.0,0.0,1.0,0.0,-23.3,-23.3,0.0,1.0,0.0,0.0,0.0,0.0,0.0,0.0,0.0,1.0,0.0423343,0.0041064,2.333051,1.0,0.0,0.0,4.0,7.0,0.0,2.333051,0.0,0.0,0.0,2.333051,0.0,0.0,1.0,0.0,1.0,0.0,0.0,1.0,0.0,0.0,1.0,0.0,0.0,0.0,0.0,0.0,1.0,0.0,1
200,1964,0.0,0.0,-23.3,,0.672131,6.0,9.0,21.0,4.0,10.0,,3.0,1.0,0.0,0.0,0.0,0.0,0.0,0.0,1.0,0.0,-23.3,-23.3,0.0,1.0,0.0,0.0,0.0,0.0,0.0,0.0,0.0,1.0,0.0368837,3.01e-05,7.111,1.0,0.0,0.0,4.0,7.0,0.0,7.111,0.0,0.0,0.0,7.111,0.0,0.0,1.0,0.0,0.0,1.0,0.0,0.0,0.0,1.0,0.0,0.0,0.0,1.0,0.0,0.0,1.0,1.0,1
200,1968,1.0,0.0,-14.8,,0.729323,4.0,3.0,12.0,3.0,8.0,1.702822,3.0,1.0,0.0,0.0,0.0,0.0,0.0,0.0,1.0,0.0,-14.8,-14.8,0.0,1.0,0.0,0.0,0.0,0.0,0.0,0.0,0.0,1.0,0.0322467,8.94e-05,5.8880506,0.0,0.0,0.0,2.0,2.0,0.0,5.8880506,0.0,0.0,0.0,5.8880506,0.0,0.0,1.0,0.0,1.0,0.0,0.0,1.0,0.0,0.0,1.0,0.0,0.0,0.0,0.0,0.0,0.0,1.0,1
220,1947,1.0,0.0,-31.3,22.924,0.787879,4.0,3.0,4.0,5.0,7.0,1.263761,1.0,1.0,0.0,1.0,0.0,0.0,0.0,0.0,0.0,0.0,-31.3,-31.3,0.0,1.0,1.0,0.0,0.0,0.0,1.0,0.0,0.0,0.0,0.0912182,0.0349788,0.9585123,1.0,1.0,0.0,3.0,4.0,0.0,0.9585123,0.0,0.9585123,0.0,0.0,0.0,0.0,0.0,0.0,0.0,0.0,0.0,0.0,0.0,0.0,0.0,0.0,0.0,0.0,0.0,0.0,1.0,0.0,1
220,1953,0.0,0.0,11.505,,0.594937,3.0,10.0,22.0,1.0,4.0,,3.0,1.0,0.0,0.0,0.0,0.0,0.0,1.0,0.0,0.0,11.505,11.505,1.0,0.0,0.0,0.0,0.0,0.0,0.0,0.0,0.0,1.0,0.0317597,0.0003944,4.388588,1.0,0.0,0.0,4.0,5.0,4.388588,0.0,0.0,0.0,0.0,4.388588,2.0,2.0,1.0,0.0,0.0,1.0,0.0,0.0,0.0,1.0,0.0,0.0,0.0,0.0,1.0,0.0,1.0,1.0,1
220,1955,0.0,0.0,8.078,,0.531746,1.0,8.0,10.0,0.0,3.0,,1.0,1.0,0.0,0.0,0.0,0.0,0.0,0.0,0.0,1.0,8.078,8.078,0.0,0.0,0.0,0.0,1.0,0.0,0.0,0.0,0.0,1.0,0.0306306,0.0001895,5.085366,0.0,0.0,1.0,1.0,1.0,0.0,0.0,0.0,0.0,0.0,5.085366,0.0,0.0,1.0,0.0,0.0,1.0,0.0,0.0,0.0,1.0,0.0,0.0,0.0,0.0,0.0,1.0,0.0,0.0,1
220,1956,0.0,0.0,-25.464,,0.59387,2.0,5.0,28.0,0.0,1.0,2.975167,1.0,1.0,0.0,0.0,0.0,0.0,0.0,0.0,1.0,0.0,-25.464,-25.464,0.0,1.0,0.0,0.0,0.0,0.0,0.0,0.0,0.0,1.0,0.0325624,0.0015641,3.0358477,0.0,0.0,0.0,2.0,2.0,0.0,3.0358477,0.0,0.0,0.0,3.0358477,0.0,0.0,1.0,0.0,0.0,1.0,0.0,0.0,0.0,1.0,0.0,0.0,0.0,1.0,0.0,0.0,0.0,0.0,1
220,1970,0.0,0.0,31.3,,0.532338,7.0,10.0,13.0,6.0,25.0,3.186863,1.0,1.0,0.0,1.0,0.0,0.0,0.0,1.0,0.0,0.0,31.3,31.3,0.0,0.0,1.0,0.0,0.0,0.0,0.0,0.0,1.0,0.0,0.0243953,0.1714348,1.9498125,0.0,0.0,0.0,2.0,2.0,0.0,0.0,1.9498125,1.9498125,0.0,0.0,1.0,1.0,1.0,0.0,0.0,1.0,0.0,0.0,1.0,0.0,0.0,0.0,0.0,0.0,1.0,0.0,0.0,0.0,1
220,1974,0.0,0.0,11.4,,0.701632,0.0,3.0,29.0,2.0,4.0,2.072511,3.0,1.0,0.0,0.0,0.0,0.0,0.0,1.0,0.0,0.0,11.4,11.4,1.0,0.0,0.0,0.0,0.0,0.0,0.0,0.0,0.0,1.0,0.0242571,0.000491,3.9000204,1.0,0.0,0.0,4.0,5.0,3.9000204,0.0,0.0,0.0,0.0,3.9000204,2.0,2.0,1.0,0.0,0.0,1.0,0.0,0.0,0.0,1.0,0.0,0.0,0.0,0.0,1.0,0.0,1.0,1.0,1
220,1977,0.0,0.0,11.4,,0.644737,3.0,6.0,27.0,2.0,2.0,2.079996,3.0,1.0,0.0,0.0,0.0,0.0,0.0,1.0,0.0,0.0,11.4,11.4,1.0,0.0,0.0,0.0,0.0,0.0,0.0,0.0,0.0,1.0,0.0233325,3.24e-05,6.579444,1.0,0.0,0.0,4.0,5.0,6.579444,0.0,0.0,0.0,0.0,6.579444,0.0,0.0,1.0,0.0,0.0,1.0,0.0,0.0,0.0,1.0,0.0,0.0,0.0,0.0,1.0,0.0,1.0,1.0,1
220,1978,0.0,0.0,10.909,,0.753247,2.0,11.0,10.0,3.0,4.0,2.297766,2.0,1.0,0.0,0.0,0.0,0.0,0.0,1.0,0.0,0.0,10.909,10.909,1.0,0.0,0.0,0.0,0.0,0.0,0.0,0.0,0.0,1.0,0.0237038,2.08e-05,7.038438,1.0,0.0,0.0,4.0,5.0,7.038438,0.0,0.0,0.0,0.0,7.038438,0.0,0.0,1.0,0.0,0.0,1.0,0.0,0.0,0.0,1.0,0.0,0.0,0.0,0.0,1.0,0.0,1.0,0.0,1
220,1990,0.0,0.0,-13.6,,0.822222,9.0,10.0,29.0,4.0,16.0,2.899624,2.0,0.0,0.0,1.0,0.0,0.0,0.0,0.0,1.0,0.0,-13.6,-13.6,0.0,0.0,0.0,1.0,0.0,0.0,0.0,0.0,1.0,0.0,0.0201749,0.1295946,1.8599718,0.0,0.0,0.0,2.0,2.0,0.0,0.0,1.8599718,0.0,1.8599718,0.0,3.0,2.0,1.0,0.0,0.0,1.0,0.0,0.0,1.0,0.0,0.0,0.0,0.0,1.0,0.0,0.0,0.0,0.0,1
220,1991,0.6666666666666666,0.0,-13.600001,4.589,0.9221594,3.3333333333333335,8.0,13.333333333333334,5.666666666666667,10.666666666666666,1.1852193,1.3333333333333333,0.0,0.0,0.0,0.0,0.0,0.33333334,0.0,0.6666667,0.0,-13.600001,-13.600001,0.0,1.0,0.0,0.0,0.0,0.33333334,0.0,0.0,0.0,0.6666667,0.0215695,0.0061498,1.405851,0.0,0.0,1.0,1.0,1.0,0.0,1.405851,0.0,0.0,0.0,0.6868004,1.3333334,1.3333334,0.6666667,0.0,0.33333334,0.33333334,0.0,0.33333334,0.0,0.33333334,0.33333334,0.0,0.0,0.33333334,0.0,0.0,0.0,0.0,3
220,1992,0.8,0.0,-13.6,11.167,0.7996318,3.6,4.8,15.6,4.2,10.6,1.0720227,1.8,0.0,0.0,0.2,0.0,0.0,0.0,0.0,0.8,0.0,-13.600001,-13.600001,0.0,0.6,0.2,0.4,0.0,0.0,0.2,0.0,0.4,0.4,0.0216589,0.01958836,1.7044079,0.0,0.0,0.4,1.6,1.6,0.0,1.4677885,0.2366194,0.44673538,0.2366194,1.0210531,2.0,1.8,0.8,0.0,0.6,0.2,0.4,0.2,0.0,0.2,0.6,0.0,0.0,0.2,0.0,0.0,0.0,0.0,5
220,1993,0.75,0.0,-14.8,7.2409997,0.802867,3.0,4.0,14.75,5.875,11.25,0.7801008,1.875,0.0,0.0,0.0,0.0,0.0,0.25,0.0,0.625,0.0,-14.8,-14.8,0.0,1.0,0.125,0.0,0.0,0.25,0.125,0.0,0.0,0.625,0.021995,0.001474625,3.1548645,0.0,0.0,0.5,1.375,1.375,0.0,3.1548645,0.0,0.21647045,0.0,2.031437,1.75,1.75,0.625,0.0,0.375,0.25,0.0,0.375,0.0,0.25,0.375,0.0,0.0,0.25,0.0,0.0,0.0,0.0,8
220,1994,0.0,0.0,-23.2,,0.80365825,2.75,5.75,16.0,6.25,11.75,1.1027057,2.0,0.0,0.0,0.0,0.0,0.0,0.0,0.0,1.0,0.0,-23.2,-23.2,0.0,1.0,0.0,0.0,0.0,0.0,0.0,0.0,0.0,1.0,0.0229005,0.000549375,3.7501469,0.0,0.0,0.25,1.75,1.75,0.0,3.7501469,0.0,0.0,0.0,3.7501469,2.0,2.0,1.0,0.0,0.0,1.0,0.0,0.0,0.0,1.0,0.0,0.0,0.0,1.0,0.0,0.0,0.0,0.0,4
230,1963,0.0,0.0,-19.1,,0.316527,10.0,9.0,26.0,14.0,28.0,0.152204,3.0,1.0,0.0,0.0,0.0,0.0,0.0,0.0,1.0,0.0,-19.1,-19.1,0.0,1.0,0.0,0.0,0.0,0.0,0.0,0.0,0.0,1.0,0.2079665,0.0096332,3.0721614,1.0,0.0,0.0,4.0,5.0,0.0,3.0721614,0.0,0.0,0.0,3.0721614,2.0,2.0,1.0,0.0,0.0,1.0,0.0,0.0,0.0,1.0,0.0,0.0,0.0,1.0,0.0,0.0,1.0,1.0,1
230,1970,0.0,0.0,1.6,,0.378109,11.0,8.0,6.0,6.0,20.0,1.473396,3.0,1.0,0.0,0.0,0.0,0.0,0.0,0.0,0.0,1.0,1.6,1.6,0.0,0.0,0.0,0.0,1.0,0.0,0.0,0.0,0.0,1.0,0.1809692,0.0103833,2.858128,0.0,0.0,1.0,1.0,1.0,0.0,0.0,0.0,0.0,0.0,2.858128,2.0,2.0,1.0,0.0,0.0,1.0,0.0,0.0,0.0,1.0,0.0,0.0,0.0,0.0,0.0,1.0,0.0,1.0,1
230,1976,0.0,0.0,0.7,,0.434879,12.0,1.0,24.0,9.0,20.0,1.458262,3.0,1.0,0.0,0.0,0.0,0.0,0.0,0.0,1.0,0.0,0.7,0.7,0.0,0.0,0.0,0.0,1.0,0.0,0.0,0.0,0.0,1.0,0.1424627,0.0118364,2.4879007,1.0,1.0,0.0,3.0,7.0,0.0,0.0,0.0,0.0,0.0,2.4879007,2.0,2.0,1.0,0.0,0.0,1.0,0.0,0.0,0.0,1.0,0.0,0.0,0.0,0.0,0.0,1.0,1.0,1.0,1
230,1992,0.6666666666666666,0.33333334,-22.312002,-10.7135,0.812155,1.3333333333333333,4.666666666666667,12.0,1.3333333333333333,5.0,0.28103933,2.0,0.0,0.33333334,1.0,0.0,0.0,0.33333334,0.0,0.33333334,0.0,-22.312002,-23.546667,0.0,1.0,0.0,0.33333334,0.0,0.33333334,0.0,0.0,0.0,0.33333334,0.0110057,0.0057857335,0.8037533,0.0,0.0,0.0,2.0,2.0,0.0,0.8037533,0.0,0.0,0.046492368,0.22987294,2.0,2.0,0.33333334,0.33333334,0.0,0.33333334,0.0,0.0,0.0,0.33333334,0.0,0.0,0.0,0.33333334,0.0,0.0,0.0,0.0,3
230,1993,1.0,0.0,-22.312002,10.449,0.817204,1.0,2.3333333333333335,8.333333333333334,1.0,3.3333333333333335,0.37826034,1.3333333333333333,0.0,0.0,1.0,0.0,0.0,0.33333334,0.0,0.0,0.0,-22.312002,-22.312002,0.0,1.0,0.6666667,0.0,0.0,0.33333334,0.6666667,0.0,0.0,0.0,0.0109819,0.0025685334,1.5143942,0.0,0.0,0.0,2.0,2.0,0.0,1.5143942,0.0,0.9087655,0.0,0.0,1.3333334,1.3333334,0.0,0.0,0.0,0.0,0.0,0.0,0.0,0.0,0.0,0.0,0.0,0.0,0.0,0.0,0.0,0.0,3
230,1994,0.0,0.0,-23.213,,0.821747,10.0,4.0,12.0,14.0,15.0,0.220956,1.0,0.0,0.0,0.0,0.0,0.0,0.0,0.0,1.0,0.0,-23.213,-23.213,0.0,0.0,0.0,1.0,0.0,0.0,0.0,0.0,1.0,0.0,0.0108841,0.0670384,1.8179626,0.0,0.0,0.0,2.0,2.0,0.0,0.0,1.8179626,0.0,1.8179626,0.0,1.0,1.0,1.0,0.0,0.0,1.0,0.0,0.0,1.0,0.0,0.0,0.0,0.0,1.0,0.0,0.0,0.0,0.0,1
230,1996,1.0,0.0,9.871,1.218,0.73975,1.0,10.0,8.0,2.0,5.0,0.477594,1.0,0.0,0.0,1.0,0.0,0.0,0.0,0.0,0.0,0.0,1.218,9.871,0.0,0.0,0.0,0.0,1.0,1.0,0.0,1.0,0.0,0.0,0.0102876,0.0151964,0.39011928,0.0,0.0,0.0,2.0,2.0,0.0,0.0,0.0,0.0,0.0,0.0,1.0,1.0,0.0,0.0,0.0,0.0,0.0,0.0,0.0,0.0,0.0,0.0,0.0,0.0,0.0,0.0,0.0,0.0,1
230,2001,0.0,0.0,3.586,,,2.0,11.0,22.0,4.0,10.0,0.13987,1.0,0.0,0.0,1.0,0.0,0.0,0.0,0.0,0.0,1.0,3.586,3.586,0.0,0.0,0.0,0.0,1.0,0.0,0.0,0.0,0.0,1.0,0.0098896,0.0003858,3.2439198,0.0,0.0,0.0,2.0,2.0,0.0,0.0,0.0,0.0,0.0,3.2439198,1.0,1.0,1.0,0.0,0.0,1.0,0.0,0.0,0.0,1.0,0.0,0.0,0.0,0.0,0.0,1.0,0.0,0.0,1
255,1990,0.5,0.0,10.117,10.117,0.9111115,2.5,10.5,6.0,0.0,7.0,1.1591259,1.5,0.0,0.0,0.0,0.5,0.0,0.0,0.5,0.0,0.0,10.117,10.117,0.5,0.0,1.0,0.0,0.0,0.0,0.0,0.0,0.5,0.0,0.0292671,0.078653,0.77128357,0.0,0.0,0.5,1.5,1.5,0.027310066,0.0,0.7439735,0.77128357,0.0,0.0,1.0,1.0,0.5,0.0,0.0,0.5,0.0,0.0,0.5,0.0,0.0,0.0,0.0,0.0,0.5,0.0,0.0,0.0,2
255,1991,1.0,0.0,-7.534,19.498,0.93220353,1.0,8.0,13.0,1.0,5.0,0.9615955,1.0,0.0,0.0,0.0,0.0,0.5,0.0,0.0,0.0,0.5,-7.534,-7.534,0.0,0.0,0.5,0.0,1.0,0.0,0.0,0.0,0.0,0.5,0.0312548,0.0062828,1.8296462,0.0,0.0,0.0,2.0,2.0,0.0,0.0,0.0,1.2631812,0.0,0.566465,0.5,0.5,0.5,0.0,0.5,0.0,0.0,0.5,0.0,0.0,0.0,0.0,0.5,0.0,0.0,0.0,0.0,0.0,2
255,1992,0.5,0.0,-7.534,4.589,0.812155,2.5,3.0,13.5,1.5,4.5,0.47044748,1.0,0.0,0.0,0.0,0.0,0.0,0.0,0.0,0.0,0.5,-7.534,-7.534,0.0,0.0,0.0,0.0,1.0,0.5,0.0,0.5,0.0,0.5,0.0315511,0.00389215,2.1890864,0.0,0.0,0.0,2.0,2.0,0.0,0.0,0.0,0.0,0.0,0.87140703,0.5,0.5,0.5,0.0,0.0,0.5,0.0,0.0,0.0,0.5,0.0,0.0,0.0,0.0,0.0,0.5,0.0,0.0,2
255,1993,1.0,0.0,-7.534,10.09,0.817204,0.0,1.0,1.0,2.0,3.0,0.245559,1.0,0.0,0.0,0.0,0.0,0.5,0.0,0.0,0.0,0.0,-7.534,-7.534,0.0,0.0,0.5,0.0,1.0,0.5,0.0,0.5,0.0,0.0,0.0314226,0.0028387,2.4783204,0.0,0.0,0.0,2.0,2.0,0.0,0.0,0.0,1.0442379,0.0,0.0,1.0,1.0,0.0,0.0,0.0,0.0,0.0,0.0,0.0,0.0,0.0,0.0,0.0,0.0,0.0,0.0,0.0,0.0,2
260,1990,1.0,0.0,10.117,10.117,0.975758,0.0,10.0,3.0,0.0,4.0,0.137229,2.0,0.0,0.0,0.0,1.0,0.0,0.0,0.0,0.0,0.0,10.117,10.117,1.0,0.0,1.0,0.0,0.0,0.0,0.0,0.0,0.0,0.0,0.0292671,0.0277114,0.05462013,0.0,0.0,0.0,2.0,2.0,0.05462013,0.0,0.0,0.05462013,0.0,0.0,1.0,1.0,0.0,0.0,0.0,0.0,0.0,0.0,0.0,0.0,0.0,0.0,0.0,0.0,0.0,0.0,0.0,0.0,1
290,1991,1.0,0.0,-10.567,4.7635,0.9397365,1.5,7.5,10.75,2.0,5.0,0.67129725,1.25,0.0,0.0,0.5,0.0,0.0,0.0,0.0,0.25,0.75,-5.398667,-5.398667,0.0,0.25,0.0,0.0,0.5,0.25,0.0,0.0,0.25,0.75,0.018239474,0.01049315,0.9858105,0.0,0.0,0.25,1.75,1.75,0.0,0.19050935,0.34877864,0.0,0.0,0.6370319,1.25,1.25,1.0,0.0,1.0,0.0,0.25,0.75,0.0,0.0,0.25,0.0,0.75,0.0,0.0,0.0,0.0,0.0,4
290,1992,1.0,1.0,-25.398666,-26.016,0.9496627,1.5,6.666666666666667,15.333333333333334,0.3333333333333333,1.1666666666666667,0.48137382,1.1666666666666667,0.0,0.8333333,0.8333333,0.0,0.0,0.0,0.0,0.8333333,0.0,-25.09,-26.016,0.0,0.6666667,0.0,0.5,0.0,0.0,0.0,0.0,0.33333334,0.5,0.0098117,0.017186651,1.8778948,0.0,0.0,0.8333333,1.1666666,1.1666666,0.0,1.4085518,0.46934292,0.0,0.4925891,1.3853058,0.6666667,0.6666667,0.8333333,0.16666667,0.8333333,0.0,0.33333334,0.5,0.0,0.0,0.8333333,0.0,0.0,0.0,0.0,0.0,0.0,0.0,6
290,1993,0.6,0.6,-26.016,10.449,0.9433694,1.0,1.8,14.4,0.2,0.4,0.074981004,1.0,0.0,0.6,1.0,0.0,0.0,0.2,0.0,0.4,0.0,-26.016,-26.016,0.0,1.0,0.4,0.0,0.0,0.2,0.4,0.0,0.0,0.4,0.009589,0.00279618,1.4613339,0.0,0.0,0.4,1.6,1.6,0.0,1.4613339,0.0,0.49100655,0.0,0.6340765,0.4,0.4,0.4,0.0,0.0,0.4,0.0,0.0,0.0,0.4,0.0,0.0,0.0,0.4,0.0,0.0,0.0,0.0,5
290,1994,1.0,1.0,-8.627,11.959499,0.97861,1.0,7.5,20.5,1.5,2.0,0.2281525,1.0,0.0,1.0,1.0,0.0,0.5,0.0,0.0,0.0,0.0,-8.627,-8.627,0.0,0.0,0.5,0.0,1.0,0.5,0.0,0.5,0.0,0.0,0.0096205,0.00053515,2.890393,0.0,0.0,1.0,1.0,1.0,0.0,0.0,0.0,1.470585,0.0,0.0,0.5,0.5,0.0,0.0,0.0,0.0,0.0,0.0,0.0,0.0,0.0,0.0,0.0,0.0,0.0,0.0,0.0,0.0,2
290,1996,1.0,0.0,-9.426,-18.763,0.818182,3.0,6.0,12.0,1.0,5.0,0.202697,2.0,0.0,0.0,1.0,0.0,0.0,1.0,0.0,0.0,0.0,-9.426,-9.426,0.0,0.0,0.0,1.0,1.0,0.0,0.0,0.0,0.0,0.0,0.0093736,0.0040668,0.8350408,0.0,0.0,1.0,1.0,1.0,0.0,0.0,0.0,0.0,0.8350408,0.0,1.0,1.0,0.0,0.0,0.0,0.0,0.0,0.0,0.0,0.0,0.0,0.0,0.0,0.0,0.0,0.0,0.0,0.0,1
310,1991,1.0,0.0,-1.474,4.7053337,0.91619575,2.0,9.5,7.25,2.25,3.75,0.80005276,1.75,0.0,0.0,0.75,0.0,0.0,0.25,0.0,0.0,0.5,-4.3310003,-4.3310003,0.0,0.25,0.0,0.0,0.25,1.0,0.0,0.25,0.5,0.0,0.009156374,0.011874326,1.9572499,0.0,0.0,0.5,1.5,1.5,0.0,0.539288,0.9058932,0.0,0.0,0.0,1.75,1.75,0.5,0.0,0.5,0.0,0.5,0.0,0.0,0.0,0.0,0.0,0.5,0.0,0.0,0.0,0.0,0.0,4
310,1992,0.8571428571428571,0.0,-0.98585695,13.041667,0.9037098,2.0,6.285714285714286,7.714285714285714,1.8571428571428572,3.0,0.21680614,1.2857142857142858,0.0,0.0,0.85714287,0.0,0.14285715,0.14285715,0.0,0.0,0.5714286,2.6367145,-0.98585695,0.14285715,0.14285715,0.0,0.0,0.71428573,0.42857143,0.0,0.14285715,0.0,0.5714286,0.007695257,0.0015339144,1.5599421,0.0,0.0,0.71428573,1.2857143,1.2857143,0.07342153,0.22602342,0.0,0.0,0.0,0.8840173,1.2857143,1.2857143,0.5714286,0.0,0.42857143,0.14285715,0.0,0.42857143,0.0,0.14285715,0.0,0.0,0.42857143,0.0,0.0,0.14285715,0.0,0.0,7
310,1994,0.5,0.0,11.711,5.375,0.898396,2.0,10.5,7.0,4.0,7.0,0.66056955,1.0,0.0,0.0,1.0,0.0,0.5,0.0,0.0,0.0,0.5,8.543,8.543,0.0,0.0,1.0,0.0,0.5,0.0,0.0,0.0,0.5,0.0,0.0021539,0.0094329,1.2312738,0.0,0.0,0.5,1.5,1.5,0.0,0.0,0.25066403,1.2312738,0.0,0.0,0.5,0.5,0.5,0.0,0.0,0.5,0.0,0.0,0.5,0.0,0.0,0.0,0.0,0.0,0.5,0.0,0.0,0.0,2
310,1995,1.0,0.0,11.711,-2.4984999,0.939394,2.0,3.5,19.0,1.0,3.0,0.183652,1.0,0.0,0.0,1.0,0.0,1.0,0.0,0.0,0.0,0.0,11.711,5.8045,1.0,0.0,0.0,0.0,0.0,1.0,0.0,0.0,0.0,0.0,0.0020821,0.0012165001,0.7143229,0.0,0.0,1.0,1.0,1.0,0.7143229,0.0,0.0,0.0,0.0,0.0,1.5,1.5,0.0,0.0,0.0,0.0,0.0,0.0,0.0,0.0,0.0,0.0,0.0,0.0,0.0,0.0,0.0,0.0,2
316,1993,0.8571428571428571,0.0,-2.3961432,14.006,0.90681,1.7142857142857142,2.0,4.571428571428571,2.5714285714285716,4.0,0.2778564,1.1428571428571428,0.0,0.0,0.5,0.14285715,0.2857143,0.0,0.14285715,0.0,0.0,-2.3961432,-3.3098576,0.2857143,0.42857143,0.85714287,0.0,0.14285715,0.14285715,0.42857143,0.0,0.14285715,0.0,0.0122380005,0.011058199,1.4132005,0.14285715,0.0,0.14285715,2.0,2.2857144,0.20451316,0.5243608,0.38597292,1.3018163,0.0,0.0,1.0,1.0,0.14285715,0.0,0.0,0.14285715,0.0,0.0,0.14285715,0.0,0.0,0.0,0.0,0.0,0.14285715,0.0,0.14285715,0.0,7
316,1994,0.0,0.0,17.563,,0.97861,0.0,6.0,22.0,1.0,1.0,0.030096,1.0,0.0,0.0,1.0,0.0,0.0,0.0,1.0,0.0,0.0,,,0.0,0.0,1.0,0.0,0.0,0.0,0.0,0.0,1.0,0.0,0.0037754,0.0053679,0.35193035,0.0,0.0,0.0,2.0,2.0,0.0,0.0,0.35193035,0.35193035,0.0,0.0,0.0,0.0,1.0,0.0,0.0,1.0,0.0,0.0,1.0,0.0,0.0,0.0,0.0,0.0,1.0,0.0,0.0,0.0,1
316,1995,1.0,0.0,17.563,1.218,0.900178,0.0,4.0,26.0,1.0,2.0,0.726129,1.0,0.0,0.0,1.0,0.0,1.0,0.0,0.0,0.0,0.0,1.218,1.218,0.0,0.0,1.0,0.0,1.0,0.0,0.0,0.0,0.0,0.0,0.00364,0.0154183,1.4435714,0.0,0.0,0.0,2.0,2.0,0.0,0.0,0.0,1.4435714,0.0,0.0,1.0,1.0,0.0,0.0,0.0,0.0,0.0,0.0,0.0,0.0,0.0,0.0,0.0,0.0,0.0,0.0,0.0,0.0,1
316,1996,1.0,0.0,17.563,18.941,0.818182,2.0,1.0,23.0,0.0,2.0,0.073803,1.0,0.0,0.0,1.0,1.0,0.0,0.0,0.0,0.0,0.0,18.941,18.941,1.0,0.0,1.0,0.0,0.0,0.0,0.0,0.0,0.0,0.0,0.0034512,0.019156,1.713894,0.0,0.0,0.0,2.0,2.0,1.713894,0.0,0.0,1.713894,0.0,0.0,1.0,1.0,0.0,0.0,0.0,0.0,0.0,0.0,0.0,0.0,0.0,0.0,0.0,0.0,0.0,0.0,0.0,0.0,1
317,1993,0.7,0.0,-4.8414,4.767857,0.91218644,1.5,3.5,9.3,2.1,3.2,0.33806783,1.1,0.0,0.0,0.65,0.0,0.2,0.3,0.0,0.0,0.3,-4.8240004,-5.8927503,0.2,0.3,0.0,0.0,0.2,1.0,0.0,0.2,0.3,0.0,0.00868055,0.01141572,1.9219401,0.1,0.0,0.4,1.8,2.0,0.09074756,0.6009593,0.7010458,0.0,0.0,0.0,0.9,0.9,0.3,0.0,0.0,0.3,0.0,0.0,0.3,0.0,0.0,0.0,0.0,0.0,0.0,0.3,0.1,0.0,10
317,1995,1.0,0.0,11.711,-0.102,0.97861,2.0,3.0,19.0,1.0,2.0,0.07438,1.0,0.0,0.0,1.0,0.0,1.0,0.0,0.0,0.0,0.0,11.711,-0.102,1.0,0.0,0.0,0.0,0.0,1.0,0.0,0.0,0.0,0.0,0.0020821,0.0018806,0.10178608,0.0,0.0,1.0,1.0,1.0,0.10178608,0.0,0.0,0.0,0.0,0.0,2.0,2.0,0.0,0.0,0.0,0.0,0.0,0.0,0.0,0.0,0.0,0.0,0.0,0.0,0.0,0.0,0.0,0.0,1
317,1997,0.0,0.0,-0.102,,0.900178,0.0,1.0,16.0,0.0,1.0,0.509214,1.0,0.0,0.0,1.0,0.0,0.0,0.0,0.0,0.0,1.0,-0.102,-0.102,0.0,0.0,0.0,0.0,0.0,1.0,0.0,0.0,1.0,0.0,0.0017578,0.0027081,0.43218425,0.0,0.0,1.0,1.0,1.0,0.0,0.0,0.43218425,0.0,0.0,0.0,0.0,0.0,1.0,0.0,0.0,1.0,0.0,0.0,1.0,0.0,0.0,0.0,0.0,0.0,0.0,1.0,0.0,0.0,1
325,1980,0.0,0.0,-7.035,,0.803419,1.0,9.0,15.0,1.0,2.0,1.770341,1.0,1.0,0.0,1.0,0.0,0.0,0.0,0.0,0.0,1.0,-7.035,-7.035,0.0,0.0,0.0,0.0,1.0,0.0,0.0,0.0,0.0,1.0,0.0200308,2.01e-05,6.9043064,1.0,1.0,0.0,4.0,6.0,0.0,0.0,0.0,0.0,0.0,6.9043064,1.0,1.0,1.0,0.0,0.0,1.0,0.0,0.0,0.0,1.0,0.0,0.0,0.0,0.0,0.0,1.0,1.0,0.0,1
325,1990,0.0,0.0,6.745,,0.834343,6.0,11.0,18.0,1.0,9.0,2.610485,1.0,0.0,0.0,0.0,0.0,0.0,0.0,0.0,0.0,1.0,6.745,6.745,0.0,0.0,0.0,0.0,0.0,1.0,0.0,0.0,1.0,0.0,0.0186852,0.1295946,1.9366794,0.0,0.0,1.0,1.0,1.0,0.0,0.0,1.9366794,0.0,0.0,0.0,1.0,1.0,1.0,0.0,0.0,1.0,0.0,0.0,1.0,0.0,0.0,0.0,0.0,0.0,0.0,1.0,0.0,0.0,1
325,1991,0.6666666666666666,0.0,4.7635,4.938,0.933459,1.3333333333333333,8.0,13.333333333333334,1.0,3.0,0.75687534,1.3333333333333333,0.0,0.0,1.0,0.0,0.0,0.0,0.0,0.0,0.6666667,4.938,4.938,0.0,0.0,0.0,0.0,1.0,0.33333334,0.0,0.33333334,0.0,0.6666667,0.010635267,0.014858934,1.2969738,0.0,0.0,0.33333334,1.6666666,1.6666666,0.0,0.0,0.0,0.0,0.0,0.6142156,1.3333334,1.3333334,0.6666667,0.0,0.33333334,0.33333334,0.0,0.33333334,0.0,0.33333334,0.0,0.0,0.33333334,0.0,0.0,0.33333334,0.0,0.0,3
325,1992,1.0,0.0,4.938,11.167,0.812155,2.0,1.0,9.0,1.0,4.0,0.324584,1.0,0.0,0.0,1.0,0.0,1.0,0.0,0.0,0.0,0.0,4.938,4.938,0.0,0.0,1.0,0.0,1.0,0.0,0.0,0.0,0.0,0.0,0.019859,0.0023204,2.1469176,0.0,0.0,1.0,1.0,1.0,0.0,0.0,0.0,2.1469176,0.0,0.0,2.0,2.0,0.0,0.0,0.0,0.0,0.0,0.0,0.0,0.0,0.0,0.0,0.0,0.0,0.0,0.0,0.0,0.0,1
325,1993,1.0,0.0,2.617,9.123,0.817204,3.0,6.0,7.0,1.0,2.0,0.232107,1.0,0.0,0.0,1.0,0.0,0.0,0.0,0.0,0.0,0.0,9.123,9.123,0.0,0.0,0.0,0.0,1.0,1.0,0.0,1.0,0.0,0.0,0.0017849,0.0201473,2.423708,0.0,0.0,0.0,2.0,2.0,0.0,0.0,0.0,0.0,0.0,0.0,1.0,1.0,0.0,0.0,0.0,0.0,0.0,0.0,0.0,0.0,0.0,0.0,0.0,0.0,0.0,0.0,0.0,0.0,1
325,1994,0.0,0.0,16.879,,0.821747,11.0,10.0,14.0,11.0,13.0,0.302564,2.0,0.0,0.0,0.0,0.0,0.0,0.0,1.0,0.0,0.0,16.879,16.879,0.0,0.0,1.0,0.0,0.0,0.0,0.0,0.0,1.0,0.0,0.0185896,0.0670384,1.2826632,0.0,0.0,0.0,2.0,2.0,0.0,0.0,1.2826632,1.2826632,0.0,0.0,3.0,2.0,1.0,0.0,0.0,1.0,0.0,0.0,1.0,0.0,0.0,0.0,0.0,0.0,1.0,0.0,0.0,0.0,1
325,1995,0.0,0.0,7.881,,0.818182,5.0,10.0,13.0,2.0,5.0,0.502314,1.0,0.0,0.0,1.0,0.0,0.0,0.0,0.0,0.0,1.0,7.881,7.881,0.0,0.0,0.0,0.0,1.0,0.0,0.0,0.0,0.0,1.0,0.019296,0.000556,3.5468848,0.0,0.0,1.0,1.0,1.0,0.0,0.0,0.0,0.0,0.0,3.5468848,1.0,1.0,1.0,0.0,0.0,1.0,0.0,0.0,0.0,1.0,0.0,0.0,0.0,0.0,0.0,1.0,0.0,0.0,1
325,1996,1.0,0.0,17.563,18.941,0.818182,2.0,1.0,23.0,0.0,2.0,0.073803,1.0,0.0,0.0,1.0,1.0,0.0,0.0,0.0,0.0,0.0,18.941,18.941,1.0,0.0,1.0,0.0,0.0,0.0,0.0,0.0,0.0,0.0,0.0034512,0.019156,1.713894,0.0,0.0,0.0,2.0,2.0,1.713894,0.0,0.0,1.713894,0.0,0.0,1.0,1.0,0.0,0.0,0.0,0.0,0.0,0.0,0.0,0.0,0.0,0.0,0.0,0.0,0.0,0.0,0.0,0.0,1
338,1964,0.0,0.0,-23.3,,0.672131,6.0,9.0,21.0,4.0,10.0,,3.0,1.0,0.0,0.0,0.0,0.0,0.0,0.0,1.0,0.0,-23.3,-23.3,0.0,1.0,0.0,0.0,0.0,0.0,0.0,0.0,0.0,1.0,0.0368837,3.01e-05,7.111,1.0,0.0,0.0,4.0,7.0,0.0,7.111,0.0,0.0,0.0,7.111,0.0,0.0,1.0,0.0,0.0,1.0,0.0,0.0,0.0,1.0,0.0,0.0,0.0,1.0,0.0,0.0,1.0,1.0,1
338,1980,0.0,0.0,-7.035,,0.803419,1.0,9.0,15.0,1.0,2.0,1.770341,1.0,1.0,0.0,1.0,0.0,0.0,0.0,0.0,0.0,1.0,-7.035,-7.035,0.0,0.0,0.0,0.0,1.0,0.0,0.0,0.0,0.0,1.0,0.0200308,2.01e-05,6.9043064,1.0,1.0,0.0,4.0,6.0,0.0,0.0,0.0,0.0,0.0,6.9043064,1.0,1.0,1.0,0.0,0.0,1.0,0.0,0.0,0.0,1.0,0.0,0.0,0.0,0.0,0.0,1.0,1.0,0.0,1
339,1992,0.0,0.0,,5.375,0.812155,3.0,6.0,1.0,2.0,9.0,0.051996,1.0,0.0,0.0,1.0,0.0,0.0,0.0,0.0,0.0,1.0,5.375,5.375,0.0,0.0,0.0,0.0,1.0,0.0,0.0,0.0,0.0,1.0,0.0006135,0.0136385,3.1014717,0.0,0.0,1.0,1.0,1.0,0.0,0.0,0.0,0.0,0.0,3.1014717,0.0,0.0,1.0,0.0,0.0,1.0,0.0,0.0,0.0,1.0,0.0,0.0,0.0,0.0,0.0,1.0,0.0,0.0,1
339,1993,0.0,0.0,,11.167,0.978495,2.0,2.0,14.0,1.0,1.0,0.463186,2.0,0.0,0.0,1.0,0.0,0.0,0.0,1.0,0.0,0.0,11.167,11.167,1.0,0.0,0.0,0.0,0.0,0.0,0.0,0.0,0.0,1.0,0.0006413,0.0020282,1.1514066,0.0,0.0,1.0,1.0,1.0,1.1514066,0.0,0.0,0.0,0.0,1.1514066,1.0,1.0,1.0,0.0,0.0,1.0,0.0,0.0,0.0,1.0,0.0,0.0,0.0,0.0,1.0,0.0,0.0,0.0,1
339,1994,0.0,0.0,-23.2,,0.803922,5.0,12.0,12.0,7.0,13.0,0.918797,2.0,0.0,0.0,0.0,0.0,0.0,0.0,0.0,1.0,0.0,-23.2,-23.2,0.0,1.0,0.0,0.0,0.0,0.0,0.0,0.0,0.0,1.0,0.0229005,0.0006439,3.5713706,0.0,0.0,1.0,1.0,1.0,0.0,3.5713706,0.0,0.0,0.0,3.5713706,2.0,2.0,1.0,0.0,0.0,1.0,0.0,0.0,0.0,1.0,0.0,0.0,0.0,1.0,0.0,0.0,0.0,0.0,1
339,1995,0.0,0.0,7.881,,0.818182,5.0,10.0,13.0,2.0,5.0,0.502314,1.0,0.0,0.0,1.0,0.0,0.0,0.0,0.0,0.0,1.0,7.881,7.881,0.0,0.0,0.0,0.0,1.0,0.0,0.0,0.0,0.0,1.0,0.019296,0.000556,3.5468848,0.0,0.0,1.0,1.0,1.0,0.0,0.0,0.0,0.0,0.0,3.5468848,1.0,1.0,1.0,0.0,0.0,1.0,0.0,0.0,0.0,1.0,0.0,0.0,0.0,0.0,0.0,1.0,0.0,0.0,1
339,1996,0.0,0.0,,-18.763,0.818182,5.0,3.0,21.0,5.0,9.0,0.514586,2.0,0.0,0.0,1.0,0.0,0.0,0.0,0.0,1.0,0.0,-18.763,-18.763,0.0,1.0,0.0,0.0,0.0,0.0,0.0,0.0,0.0,1.0,0.0005686,0.0040668,1.9674344,0.0,0.0,0.0,2.0,2.0,0.0,1.9674344,0.0,0.0,0.0,1.9674344,2.0,2.0,1.0,0.0,0.0,1.0,0.0,0.0,0.0,1.0,0.0,0.0,0.0,1.0,0.0,0.0,0.0,0.0,1
339,2001,0.0,0.0,3.586,,,2.0,11.0,22.0,4.0,10.0,0.13987,1.0,0.0,0.0,1.0,0.0,0.0,0.0,0.0,0.0,1.0,3.586,3.586,0.0,0.0,0.0,0.0,1.0,0.0,0.0,0.0,0.0,1.0,0.0098896,0.0003858,3.2439198,0.0,0.0,0.0,2.0,2.0,0.0,0.0,0.0,0.0,0.0,3.2439198,1.0,1.0,1.0,0.0,0.0,1.0,0.0,0.0,0.0,1.0,0.0,0.0,0.0,0.0,0.0,1.0,0.0,0.0,1
343,2001,1.0,0.0,8.848,-6.331,,0.0,4.0,30.0,1.0,5.0,0.144033,1.0,0.0,0.0,1.0,0.0,0.0,0.0,0.0,0.0,0.0,-6.331,-6.331,0.0,0.0,0.0,0.0,1.0,1.0,0.0,1.0,0.0,0.0,0.0003499,0.0038872,2.407797,0.0,0.0,0.0,2.0,2.0,0.0,0.0,0.0,0.0,0.0,0.0,0.0,0.0,0.0,0.0,0.0,0.0,0.0,0.0,0.0,0.0,0.0,0.0,0.0,0.0,0.0,0.0,0.0,0.0,1
344,1992,0.0,0.0,4.589,,0.955801,3.0,12.0,16.0,3.0,3.0,0.226803,1.0,0.0,0.0,1.0,0.0,0.0,0.0,0.0,0.0,1.0,4.589,4.589,0.0,0.0,0.0,0.0,1.0,0.0,0.0,0.0,0.0,1.0,0.002262,0.0012805,0.56899875,0.0,0.0,1.0,1.0,1.0,0.0,0.0,0.0,0.0,0.0,0.56899875,1.0,1.0,1.0,0.0,0.0,1.0,0.0,0.0,0.0,1.0,0.0,0.0,0.0,0.0,0.0,1.0,0.0,0.0,1
344,1994,0.0,0.0,,5.375,0.807487,4.0,7.0,16.0,10.0,13.0,0.325832,1.0,0.0,0.0,1.0,0.0,0.0,0.0,0.0,0.0,1.0,5.375,5.375,0.0,0.0,0.0,0.0,1.0,0.0,0.0,0.0,0.0,1.0,0.0011504,0.0153099,2.5883899,0.0,0.0,1.0,1.0,1.0,0.0,0.0,0.0,0.0,0.0,2.5883899,0.0,0.0,1.0,0.0,0.0,1.0,0.0,0.0,0.0,1.0,0.0,0.0,0.0,0.0,0.0,1.0,0.0,0.0,1
345,1996,0.0,0.0,,-17.773,0.97861,3.0,5.0,16.0,3.0,16.0,,1.0,0.0,0.0,1.0,0.0,0.0,0.0,0.0,1.0,0.0,-17.773,-17.773,0.0,1.0,0.0,0.0,0.0,0.0,0.0,0.0,0.0,1.0,0.0022791,0.0053573,0.85467947,0.0,0.0,1.0,1.0,1.0,0.0,0.85467947,0.0,0.0,0.0,0.85467947,0.0,0.0,1.0,0.0,0.0,1.0,0.0,0.0,0.0,1.0,0.0,0.0,0.0,1.0,0.0,0.0,0.0,0.0,1
350,1991,0.5,0.0,29.947,19.498,0.93597,2.0,10.5,17.5,1.0,6.0,0.185206,1.0,0.0,0.0,1.0,0.5,0.0,0.0,0.5,0.0,0.0,29.947,19.498,0.5,0.0,1.0,0.0,0.0,0.0,0.0,0.0,0.5,0.0,0.0035227,0.0041934,0.42855293,0.0,0.0,1.0,1.0,1.0,0.17170857,0.0,0.25684434,0.42855293,0.0,0.0,0.5,0.5,0.5,0.0,0.0,0.5,0.0,0.0,0.5,0.0,0.0,0.0,0.0,0.0,0.5,0.0,0.0,0.0,2
350,1992,1.0,0.0,4.589,29.947,0.812155,3.0,4.0,3.0,2.0,5.0,0.386121,2.0,0.0,0.0,1.0,0.0,1.0,0.0,0.0,0.0,0.0,29.947,4.589,1.0,0.0,0.0,0.0,0.0,1.0,0.0,0.0,0.0,0.0,0.002262,0.0037818,0.5139507,0.0,0.0,1.0,1.0,1.0,0.5139507,0.0,0.0,0.0,0.0,0.0,2.0,2.0,0.0,0.0,0.0,0.0,0.0,0.0,0.0,0.0,0.0,0.0,0.0,0.0,0.0,0.0,0.0,0.0,1
350,1993,0.0,0.0,29.947,,0.820789,11.0,6.0,30.0,12.0,14.0,0.13224,1.0,0.0,0.0,0.0,0.0,0.0,0.0,1.0,0.0,0.0,29.947,29.947,0.0,0.0,1.0,0.0,0.0,0.0,0.0,0.0,1.0,0.0,0.0037209,0.0580243,2.7468963,0.0,0.0,1.0,1.0,1.0,0.0,0.0,2.7468963,2.7468963,0.0,0.0,0.0,0.0,1.0,0.0,0.0,1.0,0.0,0.0,1.0,0.0,0.0,0.0,0.0,0.0,1.0,0.0,0.0,0.0,1
350,1996,0.6666666666666666,0.0,-14.0945,-12.102666,0.79203796,3.3333333333333335,6.666666666666667,14.666666666666666,3.0,7.333333333333333,0.5345013,1.6666666666666667,0.0,0.0,1.0,0.0,0.0,0.6666667,0.0,0.33333334,0.0,-8.990334,-8.990334,0.0,0.33333334,0.0,0.6666667,0.6666667,0.0,0.0,0.0,0.0,0.33333334,0.0046696668,0.0077766664,1.3735591,0.0,0.0,0.33333334,1.6666666,1.6666666,0.0,0.6558115,0.0,0.0,0.7177477,0.6558115,1.0,1.0,0.33333334,0.0,0.0,0.33333334,0.0,0.0,0.0,0.33333334,0.0,0.0,0.0,0.33333334,0.0,0.0,0.0,0.0,3
355,1991,1.0,0.0,11.2065,19.498,0.93597,1.5,10.0,8.0,1.0,5.5,0.67020845,1.0,0.0,0.0,0.5,0.5,0.5,0.0,0.0,0.0,0.0,11.2065,5.9819994,0.5,0.0,1.0,0.0,0.5,0.0,0.0,0.0,0.0,0.0,0.01738875,0.0024988,1.4348898,0.0,0.0,0.5,1.5,1.5,0.17170857,0.0,0.0,1.4348898,0.0,0.0,0.5,0.5,0.0,0.0,0.0,0.0,0.0,0.0,0.0,0.0,0.0,0.0,0.0,0.0,0.0,0.0,0.0,0.0,2
355,1992,0.7142857142857143,0.0,6.739,9.236333,0.90423596,2.142857142857143,5.142857142857143,10.857142857142858,1.4285714285714286,5.714285714285714,0.49239773,1.2857142857142858,0.0,0.0,0.71428573,0.0,0.2857143,0.0,0.5714286,0.0,0.0,1.9699999,1.9699999,0.14285715,0.14285715,0.85714287,0.0,0.2857143,0.0,0.14285715,0.0,0.42857143,0.14285715,0.007588557,0.016363928,1.9814638,0.0,0.0,0.71428573,1.2857143,1.2857143,0.1715699,0.3190967,0.93107224,1.8098938,0.0,0.1715699,1.1428572,1.1428572,0.5714286,0.0,0.2857143,0.2857143,0.2857143,0.0,0.14285715,0.14285715,0.0,0.2857143,0.0,0.0,0.2857143,0.0,0.0,0.0,7
355,1993,0.8333333333333334,0.16666667,-3.3962002,11.167,0.9516132,0.6666666666666666,3.5,13.833333333333334,0.3333333333333333,0.5,0.33592317,1.3333333333333333,0.0,0.16666667,1.0,0.16666667,0.16666667,0.0,0.33333334,0.0,0.0,-1.6862004,-4.6754003,0.5,0.33333334,0.6666667,0.0,0.0,0.16666667,0.33333334,0.0,0.16666667,0.16666667,0.004819633,0.0021384668,0.9093302,0.0,0.0,0.33333334,1.6666666,1.6666666,0.32184932,0.5404279,0.04705302,0.6961314,0.0,0.1919011,1.0,1.0,0.33333334,0.0,0.16666667,0.16666667,0.16666667,0.0,0.0,0.16666667,0.0,0.16666667,0.0,0.0,0.16666667,0.0,0.0,0.0,6
355,1994,0.0,0.0,7.051,,0.97861,1.0,11.0,13.0,1.0,1.0,1.026674,1.0,0.0,0.0,1.0,0.0,0.0,0.0,0.0,0.0,1.0,7.051,7.051,0.0,0.0,0.0,0.0,1.0,0.0,0.0,0.0,0.0,1.0,0.0022661,0.0003842,1.7746524,0.0,0.0,0.0,2.0,2.0,0.0,0.0,0.0,0.0,0.0,1.7746524,0.0,0.0,1.0,0.0,0.0,1.0,0.0,0.0,0.0,1.0,0.0,0.0,0.0,0.0,0.0,1.0,0.0,0.0,1
355,1998,0.0,0.0,21.795,,0.900178,0.0,6.0,24.0,1.0,2.0,0.698286,1.0,0.0,0.0,1.0,0.0,0.0,0.0,1.0,0.0,0.0,21.795,21.795,0.0,0.0,1.0,0.0,0.0,0.0,0.0,0.0,1.0,0.0,0.001988,0.0026004,0.26853618,0.0,0.0,0.0,2.0,2.0,0.0,0.0,0.26853618,0.26853618,0.0,0.0,0.0,0.0,1.0,0.0,0.0,1.0,0.0,0.0,1.0,0.0,0.0,0.0,0.0,0.0,1.0,0.0,0.0,0.0,1
359,1992,0.0,0.0,11.167,,0.977901,1.0,9.0,7.0,1.0,3.0,0.250649,1.0,0.0,0.0,1.0,0.0,0.0,0.0,1.0,0.0,0.0,11.167,11.167,1.0,0.0,0.0,0.0,0.0,0.0,0.0,0.0,0.0,1.0,0.0023204,0.0006982,1.2009892,0.0,0.0,1.0,1.0,1.0,1.2009892,0.0,0.0,0.0,0.0,1.2009892,0.0,0.0,1.0,0.0,0.0,1.0,0.0,0.0,0.0,1.0,0.0,0.0,0.0,0.0,1.0,0.0,0.0,0.0,1
359,1993,1.0,0.0,-13.6,,0.802867,4.0,1.0,29.0,7.0,12.0,0.627078,1.0,0.0,0.0,0.0,0.0,0.0,0.0,0.0,1.0,0.0,-13.6,-13.6,0.0,1.0,0.0,0.0,0.0,0.0,0.0,0.0,0.0,1.0,0.021995,0.0006021,3.598147,0.0,0.0,1.0,1.0,1.0,0.0,3.598147,0.0,0.0,0.0,3.598147,2.0,2.0,1.0,0.0,1.0,0.0,0.0,1.0,0.0,0.0,1.0,0.0,0.0,0.0,0.0,0.0,0.0,0.0,1
359,1994,1.0,0.5,-6.7609997,0.24000001,0.898396,1.5,8.5,9.0,4.0,6.5,0.277825,1.0,0.0,0.5,1.0,0.0,0.0,0.0,0.0,0.0,0.0,-1.6259999,-1.6259999,0.0,0.0,0.0,0.0,1.0,1.0,0.0,1.0,0.0,0.0,0.0050914,0.0079361,3.0719178,0.0,0.0,0.5,1.5,1.5,0.0,0.0,0.0,0.0,0.0,0.0,0.5,0.5,0.0,0.0,0.0,0.0,0.0,0.0,0.0,0.0,0.0,0.0,0.0,0.0,0.0,0.0,0.0,0.0,2
359,1995,0.6666666666666666,0.0,0.6403335,11.959499,0.93107533,0.6666666666666666,3.3333333333333335,25.333333333333332,0.3333333333333333,2.6666666666666665,0.34202734,1.0,0.0,0.0,1.0,0.0,0.6666667,0.0,0.0,0.0,0.33333334,0.6403335,11.876666,0.33333334,0.0,0.33333334,0.0,0.33333334,0.6666667,0.0,0.0,0.33333334,0.0,0.0010622999,0.0011517333,0.9581909,0.0,0.0,0.6666667,1.3333334,1.3333334,0.4422866,0.0,0.48876047,0.027143875,0.0,0.0,0.33333334,0.33333334,0.33333334,0.0,0.0,0.33333334,0.0,0.0,0.33333334,0.0,0.0,0.0,0.0,0.0,0.0,0.33333334,0.0,0.0,3
359,1996,1.0,0.0,-4.895,,0.900178,0.0,4.0,3.0,0.0,3.0,0.03716,1.0,0.0,0.0,1.0,0.0,0.0,0.0,0.0,0.0,1.0,-4.895,-4.895,0.0,0.0,0.0,0.0,1.0,0.0,0.0,0.0,0.0,1.0,0.000539,0.0001993,0.9949043,0.0,0.0,0.0,2.0,2.0,0.0,0.0,0.0,0.0,0.0,0.9949043,0.0,0.0,1.0,0.0,1.0,0.0,0.0,1.0,0.0,0.0,0.0,0.0,1.0,0.0,0.0,0.0,0.0,0.0,1
359,2001,1.0,0.0,1.316,30.0,,4.0,11.0,19.0,11.0,26.0,0.68425,1.0,0.0,0.0,0.0,0.0,1.0,0.0,0.0,0.0,0.0,30.0,30.0,1.0,0.0,0.0,0.0,0.0,1.0,0.0,0.0,0.0,0.0,0.0004724,0.0535273,4.730121,0.0,0.0,1.0,1.0,1.0,4.730121,0.0,0.0,0.0,0.0,0.0,0.0,0.0,0.0,0.0,0.0,0.0,0.0,0.0,0.0,0.0,0.0,0.0,0.0,0.0,0.0,0.0,0.0,0.0,1
360,1991,0.0,0.0,7.095,5.2,0.933145,2.0,9.5,22.5,2.5,8.75,0.57239276,1.0,0.0,0.0,0.75,0.0,0.0,0.0,0.25,0.25,0.5,-1.1540002,-1.1540002,0.0,0.25,0.25,0.0,0.5,0.0,0.0,0.0,0.25,0.75,0.01258115,0.007839125,0.9613677,0.0,0.0,1.0,1.0,1.0,0.0,0.32459095,0.12842217,0.12842217,0.0,0.8329456,0.5,0.5,1.0,0.0,0.0,1.0,0.0,0.0,0.25,0.75,0.0,0.0,0.0,0.25,0.25,0.5,0.0,0.0,4
360,1992,0.0,0.0,-6.2263336,,0.895028,0.75,3.5,15.75,0.5,4.25,0.2514605,1.5,0.0,0.0,0.75,0.0,0.0,0.0,0.33333334,0.33333334,0.33333334,-14.923,-14.923,0.0,0.33333334,0.33333334,0.0,0.33333334,0.0,0.0,0.0,0.33333334,0.6666667,0.012599875,0.0041883253,1.6720357,0.0,0.0,0.25,1.75,1.75,0.0,0.22987294,0.2890183,0.2890183,0.0,0.810811,0.75,0.75,1.0,0.0,0.0,1.0,0.0,0.0,0.5,0.5,0.0,0.0,0.0,0.25,0.25,0.25,0.0,0.0,4
360,1993,0.0,0.5,-11.6995,,0.978495,0.5,5.0,24.5,0.5,1.0,0.1131775,1.0,0.0,0.5,1.0,0.0,0.0,0.0,0.0,0.5,0.5,-26.016,-26.016,0.0,0.5,0.0,0.0,0.0,0.5,0.0,0.0,0.5,0.5,0.00568695,0.0055839,0.8406271,0.0,0.0,1.0,1.0,1.0,0.0,0.27036455,0.57026255,0.0,0.0,0.27036455,0.0,0.0,1.0,0.0,0.0,1.0,0.0,0.0,0.5,0.5,0.0,0.0,0.0,0.5,0.0,0.5,0.0,0.0,2
360,1994,0.0,0.0,17.563,28.814,0.97861,0.0,4.5,15.0,1.0,1.0,0.185256,1.0,0.0,0.0,1.0,0.0,0.0,0.0,1.0,0.0,0.0,,,0.0,0.0,1.0,0.0,0.0,0.0,0.0,0.0,1.0,0.0,0.00457165,0.00293795,1.3548205,0.0,0.0,0.0,2.0,2.0,0.0,0.0,1.3548205,1.3548205,0.0,0.0,0.5,0.5,1.0,0.0,0.0,1.0,0.0,0.0,1.0,0.0,0.0,0.0,0.0,0.0,1.0,0.0,0.0,0.0,2
360,1996,0.0,0.0,-17.773,-17.773,0.919786,1.0,5.0,18.75,1.0,5.75,0.6449917,1.0,0.0,0.0,1.0,0.0,0.0,0.0,0.0,1.0,0.0,-17.773,-17.773,0.0,1.0,0.0,0.0,0.0,0.0,0.0,0.0,0.0,1.0,0.00458775,0.0023987,1.3803548,0.0,0.0,1.0,1.0,1.0,0.0,1.3803548,0.0,0.0,0.0,1.3803548,0.0,0.0,1.0,0.0,0.0,1.0,0.0,0.0,0.0,1.0,0.0,0.0,0.0,1.0,0.0,0.0,0.0,0.0,4
360,1997,1.0,0.0,-17.773,1.218,0.900178,1.0,6.0,2.0,3.0,6.0,0.702787,1.0,0.0,0.0,1.0,0.0,0.0,1.0,0.0,0.0,0.0,1.218,1.218,0.0,0.0,0.0,1.0,1.0,0.0,0.0,0.0,0.0,0.0,0.0052596,0.0147714,1.032638,0.0,0.0,0.0,2.0,2.0,0.0,0.0,0.0,0.0,1.032638,0.0,2.0,2.0,0.0,0.0,0.0,0.0,0.0,0.0,0.0,0.0,0.0,0.0,0.0,0.0,0.0,0.0,0.0,0.0,1
360,2001,1.0,0.0,8.848,-6.331,,0.0,4.0,30.0,1.0,5.0,0.144033,1.0,0.0,0.0,1.0,0.0,0.0,0.0,0.0,0.0,0.0,-6.331,-6.331,0.0,0.0,0.0,0.0,1.0,1.0,0.0,1.0,0.0,0.0,0.0003499,0.0038872,2.407797,0.0,0.0,0.0,2.0,2.0,0.0,0.0,0.0,0.0,0.0,0.0,0.0,0.0,0.0,0.0,0.0,0.0,0.0,0.0,0.0,0.0,0.0,0.0,0.0,0.0,0.0,0.0,0.0,0.0,1
360,2003,1.0,0.0,-6.331,38.153,,,7.0,4.0,6.0,27.0,0.912699,1.0,0.0,0.0,0.0,0.0,1.0,0.0,0.0,0.0,0.0,38.153,38.153,1.0,0.0,0.0,0.0,0.0,1.0,0.0,0.0,0.0,0.0,0.0035699,0.0497054,2.633576,0.0,0.0,1.0,1.0,1.0,2.633576,0.0,0.0,0.0,0.0,0.0,0.0,0.0,0.0,0.0,0.0,0.0,0.0,0.0,0.0,0.0,0.0,0.0,0.0,0.0,0.0,0.0,0.0,0.0,1
365,1948,0.0,1.0,,13.551,0.703704,4.0,4.0,6.0,3.0,11.0,,1.0,1.0,0.0,0.0,0.0,0.0,0.0,1.0,0.0,0.0,13.551,13.551,0.0,0.0,1.0,0.0,0.0,0.0,0.0,0.0,1.0,0.0,0.1639996,0.001916,4.4496245,1.0,1.0,0.0,3.0,4.0,0.0,0.0,4.4496245,4.4496245,0.0,0.0,0.0,0.0,1.0,0.0,0.0,1.0,0.0,0.0,1.0,0.0,0.0,0.0,0.0,0.0,1.0,0.0,1.0,0.0,1
365,1970,0.0,0.0,31.3,,0.532338,7.0,10.0,13.0,6.0,25.0,3.186863,1.0,1.0,0.0,1.0,0.0,0.0,0.0,1.0,0.0,0.0,31.3,31.3,0.0,0.0,1.0,0.0,0.0,0.0,0.0,0.0,1.0,0.0,0.0243953,0.1714348,1.9498125,0.0,0.0,0.0,2.0,2.0,0.0,0.0,1.9498125,1.9498125,0.0,0.0,1.0,1.0,1.0,0.0,0.0,1.0,0.0,0.0,1.0,0.0,0.0,0.0,0.0,0.0,1.0,0.0,0.0,0.0,1
365,1971,0.0,0.0,-6.5,,0.616307,7.0,5.0,19.0,4.0,24.0,3.744608,1.0,1.0,0.0,0.0,0.0,0.0,0.0,0.0,0.0,1.0,-6.5,-6.5,0.0,0.0,0.0,0.0,0.0,1.0,0.0,0.0,1.0,0.0,0.0114839,0.172277,2.7081575,0.0,0.0,0.0,2.0,2.0,0.0,0.0,2.7081575,0.0,0.0,0.0,1.0,1.0,1.0,0.0,0.0,1.0,0.0,0.0,1.0,0.0,0.0,0.0,0.0,0.0,0.0,1.0,0.0,0.0,1
365,1976,0.0,0.0,,-0.039,0.637969,5.0,10.0,6.0,3.0,9.0,3.878168,1.0,1.0,0.0,0.0,0.0,0.0,0.0,0.0,0.0,1.0,-0.039,-0.039,0.0,0.0,0.0,0.0,0.0,1.0,0.0,0.0,1.0,0.0,0.1760274,0.0014975,4.766843,0.0,0.0,0.0,2.0,2.0,0.0,0.0,4.766843,0.0,0.0,0.0,1.0,1.0,1.0,0.0,0.0,1.0,0.0,0.0,1.0,0.0,0.0,0.0,0.0,0.0,0.0,1.0,0.0,0.0,1
365,1990,0.0,0.0,1.0873331,,0.8343434,6.666666666666667,10.666666666666666,18.666666666666668,1.6666666666666667,11.666666666666666,2.5637107,1.3333333333333333,0.0,0.0,0.33333334,0.0,0.0,0.0,0.33333334,0.33333334,0.33333334,1.0873331,1.0873331,0.0,0.0,0.33333334,0.33333334,0.0,0.33333334,0.0,0.0,1.0,0.0,0.022709066,0.1295946,1.7615328,0.0,0.0,0.6666667,1.3333334,1.3333334,0.0,0.0,1.7615328,0.49598232,0.6199906,0.0,1.6666666,1.3333334,1.0,0.0,0.0,1.0,0.0,0.0,1.0,0.0,0.0,0.0,0.0,0.33333334,0.33333334,0.33333334,0.0,0.0,3
365,1992,1.0,0.16666667,-2.5372505,1.7444999,0.8348678,8.666666666666666,4.5,16.166666666666668,2.1666666666666665,6.666666666666667,0.71407914,1.1666666666666667,0.0,0.0,0.16666667,0.0,0.0,0.0,0.33333334,0.33333334,0.33333334,,,0.0,0.0,0.33333334,0.33333334,0.0,0.33333334,0.0,0.0,1.0,0.0,0.030024668,0.047491934,2.2018156,0.0,0.0,0.8333333,1.1666666,1.1666666,0.0,0.0,2.2018156,0.8483272,0.51394266,0.0,0.5,0.5,1.0,0.0,1.0,0.0,1.0,0.0,0.0,0.0,0.33333334,0.33333334,0.33333334,0.0,0.0,0.0,0.0,0.0,6
365,1993,0.0,0.0,16.709,,0.9235363,9.666666666666666,7.333333333333333,27.333333333333332,11.333333333333334,12.0,0.13707466,1.0,0.0,0.0,0.0,0.0,0.0,0.0,0.6666667,0.0,0.33333334,16.709,16.709,0.0,0.0,0.6666667,0.0,0.0,0.33333334,0.0,0.0,1.0,0.0,0.0031327668,0.0580243,2.9767354,0.0,0.0,1.0,1.0,1.0,0.0,0.0,2.9767354,1.8162355,0.0,0.0,0.6666667,0.6666667,1.0,0.0,0.0,1.0,0.0,0.0,1.0,0.0,0.0,0.0,0.0,0.0,0.6666667,0.33333334,0.0,0.0,3
365,1994,0.0,0.0,-3.1669998,,0.821747,10.5,7.0,13.0,12.5,14.0,0.26176,1.5,0.0,0.0,0.0,0.0,0.0,0.0,0.5,0.5,0.0,-3.1669998,-3.1669998,0.0,0.0,0.5,0.5,0.0,0.0,0.0,0.0,1.0,0.0,0.01473685,0.0670384,1.550313,0.0,0.0,0.0,2.0,2.0,0.0,0.0,1.550313,0.6413316,0.9089813,0.0,2.0,1.5,1.0,0.0,0.0,1.0,0.0,0.0,1.0,0.0,0.0,0.0,0.0,0.5,0.5,0.0,0.0,0.0,2
365,1997,0.0,0.0,,1.218,0.982175,7.0,5.0,31.0,7.0,25.0,0.177747,1.0,0.0,0.0,0.0,0.0,0.0,0.0,0.0,0.0,1.0,1.218,1.218,0.0,0.0,0.0,0.0,0.0,1.0,0.0,0.0,1.0,0.0,0.0559937,0.0147714,1.3325462,0.0,0.0,1.0,1.0,1.0,0.0,0.0,1.3325462,0.0,0.0,0.0,1.0,1.0,1.0,0.0,0.0,1.0,0.0,0.0,1.0,0.0,0.0,0.0,0.0,0.0,0.0,1.0,0.0,0.0,1
365,2000,0.0,0.0,30.0,,0.898778,7.0,2.0,9.0,15.0,26.0,2.153045,1.0,0.0,0.0,0.0,0.0,0.0,0.0,1.0,0.0,0.0,30.0,30.0,1.0,0.0,0.0,0.0,0.0,0.0,0.0,0.0,0.0,1.0,0.0515117,0.0103019,1.6094806,0.0,0.0,0.0,2.0,2.0,1.6094806,0.0,0.0,0.0,0.0,1.6094806,0.0,0.0,1.0,0.0,0.0,1.0,0.0,0.0,0.0,1.0,0.0,0.0,0.0,0.0,1.0,0.0,0.0,0.0,1
365,2001,0.5,0.0,15.658,30.0,,5.0,9.0,17.5,14.0,32.5,0.8090275,1.0,0.0,0.0,0.5,0.0,0.5,0.0,0.5,0.0,0.0,30.0,30.0,0.5,0.0,0.5,0.0,0.0,0.5,0.0,0.0,0.5,0.0,0.02699985,0.10951095,2.929434,0.0,0.0,0.5,1.5,1.5,2.3650606,0.0,0.56437343,0.56437343,0.0,0.0,0.0,0.0,0.5,0.0,0.0,0.5,0.0,0.0,0.5,0.0,0.0,0.0,0.0,0.0,0.5,0.0,0.0,0.0,2
365,2002,0.0,0.0,38.153,,,,4.0,23.0,8.0,25.0,0.176082,1.0,0.0,0.0,0.0,0.0,0.0,0.0,1.0,0.0,0.0,38.153,38.153,1.0,0.0,0.0,0.0,0.0,0.0,0.0,0.0,0.0,1.0,0.049657,0.0007128,4.243694,0.0,0.0,0.0,2.0,2.0,4.243694,0.0,0.0,0.0,0.0,4.243694,0.0,0.0,1.0,0.0,0.0,1.0,0.0,0.0,0.0,1.0,0.0,0.0,0.0,0.0,1.0,0.0,0.0,0.0,1
365,2003,1.0,0.0,-6.331,38.153,,,7.0,4.0,6.0,27.0,0.912699,1.0,0.0,0.0,0.0,0.0,1.0,0.0,0.0,0.0,0.0,38.153,38.153,1.0,0.0,0.0,0.0,0.0,1.0,0.0,0.0,0.0,0.0,0.0035699,0.0497054,2.633576,0.0,0.0,1.0,1.0,1.0,2.633576,0.0,0.0,0.0,0.0,0.0,0.0,0.0,0.0,0.0,0.0,0.0,0.0,0.0,0.0,0.0,0.0,0.0,0.0,0.0,0.0,0.0,0.0,0.0,1
366,1992,0.6666666666666666,0.33333334,-10.7135,,0.977901,0.3333333333333333,7.333333333333333,7.0,0.6666666666666666,1.3333333333333333,0.079802334,1.0,0.0,0.33333334,1.0,0.0,0.0,0.0,0.0,0.5,0.5,-10.7135,-10.7135,0.0,0.5,0.0,0.0,0.5,0.0,0.0,0.0,0.0,1.0,0.0057857335,0.00018639998,3.2745202,0.0,0.0,1.0,1.0,1.0,0.0,1.9693983,0.0,0.0,0.0,3.217453,0.33333334,0.33333334,1.0,0.0,0.6666667,0.33333334,0.0,0.6666667,0.33333334,0.0,0.33333334,0.0,0.33333334,0.0,0.0,0.0,0.0,0.0,3
366,1993,1.0,0.0,-13.6,1.543,0.802867,3.0,1.0,26.0,7.0,12.0,0.592468,2.0,0.0,0.0,0.0,0.0,0.0,1.0,0.0,0.0,0.0,-13.6,-13.6,0.0,1.0,0.0,0.0,0.0,1.0,0.0,0.0,0.0,0.0,0.021995,0.0001914,4.744205,0.0,0.0,1.0,1.0,1.0,0.0,4.744205,0.0,0.0,0.0,0.0,1.0,1.0,0.0,0.0,0.0,0.0,0.0,0.0,0.0,0.0,0.0,0.0,0.0,0.0,0.0,0.0,0.0,0.0,1
366,1996,1.0,0.0,-4.895,,0.900178,0.0,4.0,3.0,0.0,3.0,0.03716,1.0,0.0,0.0,1.0,0.0,0.0,0.0,0.0,0.0,1.0,-4.895,-4.895,0.0,0.0,0.0,0.0,1.0,0.0,0.0,0.0,0.0,1.0,0.000539,0.0001993,0.9949043,0.0,0.0,0.0,2.0,2.0,0.0,0.0,0.0,0.0,0.0,0.9949043,0.0,0.0,1.0,0.0,1.0,0.0,0.0,1.0,0.0,0.0,0.0,0.0,1.0,0.0,0.0,0.0,0.0,0.0,1
367,1992,1.0,0.5,-10.7135,,0.977901,0.5,7.5,4.0,0.5,1.0,0.04084,1.0,0.0,0.5,1.0,0.0,0.0,0.0,0.0,0.5,0.5,-10.7135,-10.7135,0.0,0.5,0.0,0.0,0.5,0.0,0.0,0.0,0.0,1.0,0.00591745,0.0003963,2.4631767,0.0,0.0,1.0,1.0,1.0,0.0,1.59226,0.0,0.0,0.0,2.4631767,0.5,0.5,1.0,0.0,1.0,0.0,0.0,1.0,0.0,0.0,0.5,0.0,0.5,0.0,0.0,0.0,0.0,0.0,2
367,1993,1.0,0.0,-13.6,,0.802867,3.0,3.0,2.0,6.0,11.0,0.530088,2.0,0.0,0.0,0.0,0.0,0.0,0.0,0.0,1.0,0.0,-13.6,-13.6,0.0,1.0,0.0,0.0,0.0,0.0,0.0,0.0,0.0,1.0,0.021995,0.0003851,4.0450673,0.0,0.0,1.0,1.0,1.0,0.0,4.0450673,0.0,0.0,0.0,4.0450673,1.0,1.0,1.0,0.0,1.0,0.0,0.0,1.0,0.0,0.0,1.0,0.0,0.0,0.0,0.0,0.0,0.0,0.0,1
367,1995,0.5,0.0,13.082,1.218,0.900178,0.0,5.5,14.5,1.5,2.0,0.650662,1.0,0.0,0.0,1.0,0.0,0.5,0.0,0.5,0.0,0.0,7.15,7.15,0.0,0.0,1.0,0.0,0.5,0.0,0.0,0.0,0.5,0.0,0.0003765,0.00890595,2.781014,0.0,0.0,1.0,1.0,1.0,0.0,0.0,0.9248179,2.781014,0.0,0.0,0.0,0.0,0.5,0.0,0.0,0.5,0.0,0.0,0.5,0.0,0.0,0.0,0.0,0.0,0.5,0.0,0.0,0.0,2
368,1992,1.0,0.0,-4.5055,,0.88766146,1.5,6.5,11.0,2.5,5.0,0.407125,1.5,0.0,0.0,0.5,0.0,0.0,0.0,0.0,0.5,0.5,-4.5055,-4.5055,0.0,0.5,0.0,0.0,0.5,0.0,0.0,0.0,0.0,1.0,0.01196045,0.0005684,2.5107627,0.0,0.0,1.0,1.0,1.0,0.0,1.8201731,0.0,0.0,0.0,2.5107627,1.5,1.5,1.0,0.0,1.0,0.0,0.0,1.0,0.0,0.0,0.5,0.0,0.5,0.0,0.0,0.0,0.0,0.0,2
368,1994,0.6666666666666666,0.33333334,10.0935,28.814,0.97861,0.3333333333333333,3.0,14.0,1.0,1.0,0.44631532,1.0,0.0,0.33333334,1.0,0.0,0.33333334,0.0,0.6666667,0.0,0.0,-8.627,-8.627,0.0,0.0,1.0,0.0,0.33333334,0.0,0.0,0.0,0.6666667,0.0,0.0051654666,0.0058069336,2.924576,0.0,0.0,0.6666667,1.3333334,1.3333334,0.0,0.0,1.9441862,2.924576,0.0,0.0,1.0,1.0,0.6666667,0.0,0.33333334,0.33333334,0.33333334,0.0,0.33333334,0.0,0.0,0.33333334,0.0,0.0,0.33333334,0.0,0.0,0.0,3
368,1995,0.5,0.0,11.959499,28.814,0.900178,0.0,2.5,16.5,0.0,1.0,0.3444165,1.0,0.0,0.0,1.0,0.0,0.5,0.0,0.5,0.0,0.0,11.959499,28.814,0.0,0.0,1.0,0.0,0.5,0.0,0.0,0.0,0.5,0.0,0.00053079997,0.00130665,0.75011694,0.0,0.0,1.0,1.0,1.0,0.0,0.0,0.70940113,0.75011694,0.0,0.0,0.0,0.0,0.5,0.0,0.0,0.5,0.0,0.0,0.5,0.0,0.0,0.0,0.0,0.0,0.5,0.0,0.0,0.0,2
369,1991,1.0,0.0,4.589,,0.819209,1.0,12.0,6.0,1.0,1.0,1.14604,1.0,0.0,0.0,1.0,0.0,0.0,0.0,0.0,0.0,1.0,,,0.0,0.0,0.0,0.0,0.0,1.0,0.0,0.0,1.0,0.0,0.0024946,0.0231637,2.2284582,0.0,0.0,1.0,1.0,1.0,0.0,0.0,2.2284582,0.0,0.0,0.0,1.0,1.0,1.0,0.0,1.0,0.0,1.0,0.0,0.0,0.0,0.0,0.0,1.0,0.0,0.0,0.0,0.0,0.0,1
369,1992,1.0,0.25,-9.483001,5.375,0.8913447,1.0,6.5,10.75,1.75,5.0,0.9700283,1.25,0.0,0.25,0.75,0.0,0.0,0.0,0.25,0.5,0.25,5.375,5.375,0.0,0.0,0.25,0.5,0.0,0.25,0.0,0.0,1.0,0.0,0.0140776,0.020478275,0.92767835,0.0,0.0,0.25,1.75,1.75,0.0,0.0,0.92767835,0.5707965,0.22887462,0.0,1.75,1.75,1.0,0.0,1.0,0.0,1.0,0.0,0.0,0.0,0.5,0.25,0.25,0.0,0.0,0.0,0.0,0.0,4
369,1993,0.0,0.0,2.617,,0.978495,0.0,6.0,30.0,1.0,1.0,0.973582,1.0,0.0,0.0,1.0,0.0,0.0,0.0,0.0,0.0,1.0,,,0.0,0.0,0.0,0.0,0.0,1.0,0.0,0.0,1.0,0.0,0.0017849,0.019449,2.3884332,0.0,0.0,1.0,1.0,1.0,0.0,0.0,2.3884332,0.0,0.0,0.0,1.0,1.0,1.0,0.0,0.0,1.0,0.0,0.0,1.0,0.0,0.0,0.0,0.0,0.0,0.0,1.0,0.0,0.0,1
369,1994,1.0,0.0,28.814,,0.97861,0.0,2.0,8.0,1.0,1.0,0.74114,1.0,0.0,0.0,1.0,0.0,0.0,0.0,1.0,0.0,0.0,,,0.0,0.0,1.0,0.0,0.0,0.0,0.0,0.0,1.0,0.0,0.000508,0.0164048,3.4748478,0.0,0.0,1.0,1.0,1.0,0.0,0.0,3.4748478,3.4748478,0.0,0.0,1.0,1.0,1.0,0.0,1.0,0.0,1.0,0.0,0.0,0.0,0.0,1.0,0.0,0.0,0.0,0.0,0.0,0.0,1
369,1995,0.6666666666666666,0.0,10.620999,1.218,0.93107533,0.0,5.333333333333333,22.0,1.3333333333333333,2.3333333333333335,0.46064433,1.3333333333333333,0.0,0.0,1.0,0.0,0.6666667,0.0,0.0,0.0,0.33333334,1.218,1.218,0.0,0.0,0.6666667,0.0,1.0,0.0,0.0,0.0,0.0,0.33333334,0.006478267,0.010980234,2.3825438,0.0,0.0,0.6666667,1.3333334,1.3333334,0.0,0.0,0.0,1.7186546,0.0,0.6638891,0.6666667,0.6666667,0.33333334,0.0,0.0,0.33333334,0.0,0.0,0.0,0.33333334,0.0,0.0,0.0,0.0,0.0,0.33333334,0.0,0.0,3
369,1996,0.6666666666666666,0.0,-2.5579998,1.218,0.8241234,2.0,8.666666666666666,11.0,2.3333333333333335,6.333333333333333,0.499609,1.0,0.0,0.0,1.0,0.0,0.0,0.33333334,0.0,0.0,0.33333334,1.218,4.1023335,0.0,0.0,0.0,0.33333334,1.0,0.33333334,0.0,0.33333334,0.0,0.33333334,0.009850266,0.010389066,1.5616822,0.0,0.0,0.0,2.0,2.0,0.0,0.0,0.0,0.0,0.4394007,0.9922418,0.6666667,0.6666667,0.33333334,0.0,0.0,0.33333334,0.0,0.0,0.0,0.33333334,0.0,0.0,0.0,0.0,0.0,0.33333334,0.0,0.0,3
369,1997,0.5,0.0,-17.773,1.218,0.94117653,4.0,5.5,16.5,5.0,15.5,0.440267,1.0,0.0,0.0,0.5,0.0,0.0,0.5,0.0,0.0,0.5,1.218,1.218,0.0,0.0,0.0,0.5,0.5,0.5,0.0,0.0,0.5,0.0,0.030626649,0.0147714,1.1825922,0.0,0.0,0.5,1.5,1.5,0.0,0.0,0.6662731,0.0,0.516319,0.0,1.5,1.5,0.5,0.0,0.0,0.5,0.0,0.0,0.5,0.0,0.0,0.0,0.0,0.0,0.0,0.5,0.0,0.0,2
370,1992,1.0,1.0,-26.016,,0.977901,0.0,6.0,23.0,0.0,0.0,0.889052,1.0,0.0,1.0,1.0,0.0,0.0,0.0,0.0,1.0,0.0,-26.016,-26.016,0.0,1.0,0.0,0.0,0.0,0.0,0.0,0.0,0.0,1.0,0.0095729,0.0029166,1.1885176,0.0,0.0,1.0,1.0,1.0,0.0,1.1885176,0.0,0.0,0.0,1.1885176,1.0,1.0,1.0,0.0,1.0,0.0,0.0,1.0,0.0,0.0,1.0,0.0,0.0,0.0,0.0,0.0,0.0,0.0,1
370,1993,1.0,0.0,11.167,,0.978495,0.0,10.0,19.0,0.0,0.0,0.919115,1.0,0.0,0.0,1.0,0.0,0.0,0.0,1.0,0.0,0.0,,,0.0,0.0,1.0,0.0,0.0,0.0,0.0,0.0,1.0,0.0,0.0020282,0.0026898,0.28231812,0.0,0.0,1.0,1.0,1.0,0.0,0.0,0.28231812,0.28231812,0.0,0.0,1.0,1.0,1.0,0.0,1.0,0.0,1.0,0.0,0.0,0.0,0.0,1.0,0.0,0.0,0.0,0.0,0.0,0.0,1
370,1995,0.0,0.0,15.016,,0.946524,0.0,4.5,11.5,0.5,1.0,0.371721,1.5,0.0,0.0,1.0,0.0,0.0,0.0,0.5,0.0,0.5,15.016,15.016,0.0,0.0,0.5,0.0,0.5,0.0,0.0,0.0,0.5,0.5,0.0079637505,0.0021041,1.7052348,0.0,0.0,1.0,1.0,1.0,0.0,0.0,0.70940113,0.70940113,0.0,0.99583364,0.5,0.5,1.0,0.0,0.0,1.0,0.0,0.0,0.5,0.5,0.0,0.0,0.0,0.0,0.5,0.5,0.0,0.0,2
371,1993,1.0,0.0,-13.6,,0.802867,6.0,3.0,12.0,7.0,12.0,1.36481,2.0,0.0,0.0,0.0,0.0,0.0,0.0,0.0,1.0,0.0,-13.6,-13.6,0.0,1.0,0.0,0.0,0.0,0.0,0.0,0.0,0.0,1.0,0.021995,0.0004907,3.8027375,0.0,0.0,0.0,2.0,2.0,0.0,3.8027375,0.0,0.0,0.0,3.8027375,2.0,2.0,1.0,0.0,1.0,0.0,0.0,1.0,0.0,0.0,1.0,0.0,0.0,0.0,0.0,0.0,0.0,0.0,1
371,1996,0.0,0.0,1.218,,0.99287,3.0,5.0,14.0,2.0,6.0,0.135012,1.0,0.0,0.0,1.0,0.0,0.0,0.0,0.0,0.0,1.0,1.218,1.218,0.0,0.0,0.0,0.0,1.0,0.0,0.0,0.0,0.0,1.0,0.0151964,0.0007744,2.9767253,0.0,0.0,0.0,2.0,2.0,0.0,0.0,0.0,0.0,0.0,2.9767253,1.0,1.0,1.0,0.0,0.0,1.0,0.0,0.0,0.0,1.0,0.0,0.0,0.0,0.0,0.0,1.0,0.0,0.0,1
372,1993,0.0,1.0,-26.016,,0.802867,1.0,4.0,20.0,1.0,1.0,0.125345,1.0,0.0,1.0,1.0,0.0,0.0,0.0,0.0,1.0,0.0,-26.016,-26.016,0.0,1.0,0.0,0.0,0.0,0.0,0.0,0.0,0.0,1.0,0.009589,0.0006914,2.6296532,0.0,0.0,1.0,1.0,1.0,0.0,2.6296532,0.0,0.0,0.0,2.6296532,0.0,0.0,1.0,0.0,0.0,1.0,0.0,0.0,0.0,1.0,0.0,0.0,0.0,1.0,0.0,0.0,0.0,0.0,1
372,1994,0.0,0.0,-23.2,,0.802867,2.0,1.0,21.0,6.0,12.0,0.608791,2.0,0.0,0.0,0.0,0.0,0.0,0.0,0.0,1.0,0.0,-23.2,-23.2,0.0,1.0,0.0,0.0,0.0,0.0,0.0,0.0,0.0,1.0,0.0229005,0.0005401,3.7471597,0.0,0.0,0.0,2.0,2.0,0.0,3.7471597,0.0,0.0,0.0,3.7471597,2.0,2.0,1.0,0.0,0.0,1.0,0.0,0.0,0.0,1.0,0.0,0.0,0.0,1.0,0.0,0.0,0.0,0.0,1
372,1996,0.0,0.0,-17.773,,0.900178,1.0,6.0,26.0,0.0,2.0,0.601558,1.0,0.0,0.0,1.0,0.0,0.0,0.0,0.0,1.0,0.0,-17.773,-17.773,0.0,1.0,0.0,0.0,0.0,0.0,0.0,0.0,0.0,1.0,0.0053573,0.0004378,2.5044532,0.0,0.0,1.0,1.0,1.0,0.0,2.5044532,0.0,0.0,0.0,2.5044532,0.0,0.0,1.0,0.0,0.0,1.0,0.0,0.0,0.0,1.0,0.0,0.0,0.0,1.0,0.0,0.0,0.0,0.0,1
373,1993,0.0,0.0,-13.6,,0.802867,3.0,12.0,20.0,6.0,12.0,1.467544,2.0,0.0,0.0,0.0,0.0,0.0,0.0,0.0,1.0,0.0,-13.6,-13.6,0.0,1.0,0.0,0.0,0.0,0.0,0.0,0.0,0.0,1.0,0.021995,0.0012292,2.8844516,0.0,0.0,0.0,2.0,2.0,0.0,2.8844516,0.0,0.0,0.0,2.8844516,2.0,2.0,1.0,0.0,0.0,1.0,0.0,0.0,0.0,1.0,0.0,0.0,0.0,1.0,0.0,0.0,0.0,0.0,1
373,1994,0.0,0.0,,5.375,0.818182,2.0,2.0,9.0,5.0,8.0,0.512812,1.0,0.0,0.0,1.0,0.0,0.0,0.0,0.0,0.0,1.0,5.375,5.375,0.0,0.0,0.0,0.0,1.0,0.0,0.0,0.0,0.0,1.0,0.0011936,0.0153099,2.5515258,1.0,0.0,0.0,4.0,5.0,0.0,0.0,0.0,0.0,0.0,2.5515258,0.0,0.0,1.0,0.0,0.0,1.0,0.0,0.0,0.0,1.0,0.0,0.0,0.0,0.0,0.0,1.0,1.0,0.0,1
373,1996,0.0,0.0,-17.773,,0.900178,0.0,3.0,27.0,1.0,3.0,0.865941,1.0,0.0,0.0,1.0,0.0,0.0,0.0,0.0,1.0,0.0,-17.773,-17.773,0.0,1.0,0.0,0.0,0.0,0.0,0.0,0.0,0.0,1.0,0.0053573,0.0013457,1.3815458,0.0,0.0,1.0,1.0,1.0,0.0,1.3815458,0.0,0.0,0.0,1.3815458,0.0,0.0,1.0,0.0,0.0,1.0,0.0,0.0,0.0,1.0,0.0,0.0,0.0,1.0,0.0,0.0,0.0,0.0,1
375,1948,0.0,1.0,,13.551,0.703704,4.0,4.0,6.0,3.0,11.0,,1.0,1.0,0.0,0.0,0.0,0.0,0.0,1.0,0.0,0.0,13.551,13.551,0.0,0.0,1.0,0.0,0.0,0.0,0.0,0.0,1.0,0.0,0.1639996,0.001916,4.4496245,1.0,1.0,0.0,3.0,4.0,0.0,0.0,4.4496245,4.4496245,0.0,0.0,0.0,0.0,1.0,0.0,0.0,1.0,0.0,0.0,1.0,0.0,0.0,0.0,0.0,0.0,1.0,0.0,1.0,0.0,1
375,1992,1.0,0.0,,-1.886,0.974217,8.0,1.0,20.0,0.0,2.0,0.625503,1.0,0.0,0.0,0.0,0.0,0.0,0.0,0.0,0.0,1.0,,,0.0,0.0,0.0,0.0,0.0,1.0,0.0,0.0,1.0,0.0,0.0672895,0.0021551,3.441167,0.0,0.0,1.0,1.0,1.0,0.0,0.0,3.441167,0.0,0.0,0.0,0.0,0.0,1.0,0.0,1.0,0.0,1.0,0.0,0.0,0.0,0.0,0.0,1.0,0.0,0.0,0.0,0.0,0.0,1
390,1976,0.0,0.0,,-0.039,0.637969,5.0,10.0,6.0,3.0,9.0,3.878168,1.0,1.0,0.0,0.0,0.0,0.0,0.0,0.0,0.0,1.0,-0.039,-0.039,0.0,0.0,0.0,0.0,0.0,1.0,0.0,0.0,1.0,0.0,0.1760274,0.0014975,4.766843,0.0,0.0,0.0,2.0,2.0,0.0,0.0,4.766843,0.0,0.0,0.0,1.0,1.0,1.0,0.0,0.0,1.0,0.0,0.0,1.0,0.0,0.0,0.0,0.0,0.0,0.0,1.0,0.0,0.0,1
433,1974,0.0,0.0,11.4,,0.701632,0.0,3.0,29.0,2.0,4.0,2.072511,3.0,1.0,0.0,0.0,0.0,0.0,0.0,1.0,0.0,0.0,11.4,11.4,1.0,0.0,0.0,0.0,0.0,0.0,0.0,0.0,0.0,1.0,0.0242571,0.000491,3.9000204,1.0,0.0,0.0,4.0,5.0,3.9000204,0.0,0.0,0.0,0.0,3.9000204,2.0,2.0,1.0,0.0,0.0,1.0,0.0,0.0,0.0,1.0,0.0,0.0,0.0,0.0,1.0,0.0,1.0,1.0,1
450,1959,0.0,0.0,-5.3,,0.041199,10.0,7.0,8.0,13.0,26.0,0.815022,1.0,1.0,0.0,0.0,0.0,0.0,0.0,0.0,0.0,1.0,-5.3,-5.3,0.0,0.0,0.0,0.0,1.0,0.0,0.0,0.0,0.0,1.0,0.2289647,9.74e-05,7.762497,0.0,0.0,1.0,1.0,1.0,0.0,0.0,0.0,0.0,0.0,7.762497,0.0,0.0,1.0,0.0,0.0,1.0,0.0,0.0,0.0,1.0,0.0,0.0,0.0,0.0,0.0,1.0,0.0,0.0,1
475,1960,1.0,0.0,-23.3,,0.626168,7.0,11.0,19.0,1.0,12.0,2.248299,2.0,1.0,0.0,0.0,0.0,0.0,0.0,0.0,1.0,0.0,-23.3,-23.3,0.0,1.0,0.0,0.0,0.0,0.0,0.0,0.0,0.0,1.0,0.0423343,0.0041064,2.333051,1.0,0.0,0.0,4.0,7.0,0.0,2.333051,0.0,0.0,0.0,2.333051,0.0,0.0,1.0,0.0,1.0,0.0,0.0,1.0,0.0,0.0,1.0,0.0,0.0,0.0,0.0,0.0,1.0,0.0,1
522,1977,0.0,0.0,11.4,,0.644737,3.0,6.0,27.0,2.0,2.0,2.079996,3.0,1.0,0.0,0.0,0.0,0.0,0.0,1.0,0.0,0.0,11.4,11.4,1.0,0.0,0.0,0.0,0.0,0.0,0.0,0.0,0.0,1.0,0.0233325,3.24e-05,6.579444,1.0,0.0,0.0,4.0,5.0,6.579444,0.0,0.0,0.0,0.0,6.579444,0.0,0.0,1.0,0.0,0.0,1.0,0.0,0.0,0.0,1.0,0.0,0.0,0.0,0.0,1.0,0.0,1.0,1.0,1
560,1955,0.0,0.0,-30.6,,0.47619,9.0,6.0,30.0,4.0,15.0,0.133983,3.0,1.0,0.0,0.0,0.0,0.0,0.0,0.0,1.0,0.0,-30.6,-30.6,0.0,1.0,0.0,0.0,0.0,0.0,0.0,0.0,0.0,1.0,0.0505929,0.0047844,2.3584507,1.0,1.0,0.0,3.0,3.0,0.0,2.3584507,0.0,0.0,0.0,2.3584507,2.0,2.0,1.0,0.0,0.0,1.0,0.0,0.0,0.0,1.0,0.0,0.0,0.0,1.0,0.0,0.0,1.0,1.0,1
581,1978,0.0,0.0,10.909,,0.753247,2.0,11.0,10.0,3.0,4.0,2.297766,2.0,1.0,0.0,0.0,0.0,0.0,0.0,1.0,0.0,0.0,10.909,10.909,1.0,0.0,0.0,0.0,0.0,0.0,0.0,0.0,0.0,1.0,0.0237038,2.08e-05,7.038438,1.0,0.0,0.0,4.0,5.0,7.038438,0.0,0.0,0.0,0.0,7.038438,0.0,0.0,1.0,0.0,0.0,1.0,0.0,0.0,0.0,1.0,0.0,0.0,0.0,0.0,1.0,0.0,1.0,0.0,1
590,1968,1.0,0.0,-14.8,,0.729323,4.0,3.0,12.0,3.0,8.0,1.702822,3.0,1.0,0.0,0.0,0.0,0.0,0.0,0.0,1.0,0.0,-14.8,-14.8,0.0,1.0,0.0,0.0,0.0,0.0,0.0,0.0,0.0,1.0,0.0322467,8.94e-05,5.8880506,0.0,0.0,0.0,2.0,2.0,0.0,5.8880506,0.0,0.0,0.0,5.8880506,0.0,0.0,1.0,0.0,1.0,0.0,0.0,1.0,0.0,0.0,1.0,0.0,0.0,0.0,0.0,0.0,0.0,1.0,1
600,1956,0.0,0.0,-25.464,,0.59387,2.0,5.0,28.0,0.0,1.0,2.975167,1.0,1.0,0.0,0.0,0.0,0.0,0.0,0.0,1.0,0.0,-25.464,-25.464,0.0,1.0,0.0,0.0,0.0,0.0,0.0,0.0,0.0,1.0,0.0325624,0.0015641,3.0358477,0.0,0.0,0.0,2.0,2.0,0.0,3.0358477,0.0,0.0,0.0,3.0358477,0.0,0.0,1.0,0.0,0.0,1.0,0.0,0.0,0.0,1.0,0.0,0.0,0.0,1.0,0.0,0.0,0.0,0.0,1
620,1953,0.0,0.0,-1.4,,0.578059,9.0,7.0,29.0,7.0,17.0,,3.0,1.0,0.0,0.0,0.0,0.0,0.0,0.0,0.0,1.0,-1.4,-1.4,0.0,0.0,0.0,0.0,1.0,0.0,0.0,0.0,0.0,1.0,0.0560323,0.0001832,5.723105,1.0,0.0,0.0,4.0,7.0,0.0,0.0,0.0,0.0,0.0,5.723105,1.0,1.0,1.0,0.0,0.0,1.0,0.0,0.0,0.0,1.0,0.0,0.0,0.0,0.0,0.0,1.0,1.0,1.0,1
620,1955,0.0,0.0,8.078,,0.531746,1.0,8.0,10.0,0.0,3.0,,1.0,1.0,0.0,0.0,0.0,0.0,0.0,0.0,0.0,1.0,8.078,8.078,0.0,0.0,0.0,0.0,1.0,0.0,0.0,0.0,0.0,1.0,0.0306306,0.0001895,5.085366,0.0,0.0,1.0,1.0,1.0,0.0,0.0,0.0,0.0,0.0,5.085366,0.0,0.0,1.0,0.0,0.0,1.0,0.0,0.0,0.0,1.0,0.0,0.0,0.0,0.0,0.0,1.0,0.0,0.0,1
630,1959,0.0,0.0,-5.3,,0.093633,11.0,3.0,5.0,14.0,25.0,0.651752,1.0,1.0,0.0,0.0,0.0,0.0,0.0,0.0,0.0,1.0,-5.3,-5.3,0.0,0.0,0.0,0.0,1.0,0.0,0.0,0.0,0.0,1.0,0.2289647,0.0056616,3.6998613,1.0,1.0,0.0,4.0,6.0,0.0,0.0,0.0,0.0,0.0,3.6998613,0.0,0.0,1.0,0.0,0.0,1.0,0.0,0.0,0.0,1.0,0.0,0.0,0.0,0.0,0.0,1.0,1.0,0.0,1
640,1959,0.0,0.0,-5.3,,0.400749,13.0,3.0,5.0,17.0,31.0,0.024593,1.0,1.0,0.0,0.0,0.0,0.0,0.0,0.0,0.0,1.0,-5.3,-5.3,0.0,0.0,0.0,0.0,1.0,0.0,0.0,0.0,0.0,1.0,0.2289647,0.0073587,3.4376845,1.0,1.0,0.0,4.0,6.0,0.0,0.0,0.0,0.0,0.0,3.4376845,0.0,0.0,1.0,0.0,0.0,1.0,0.0,0.0,0.0,1.0,0.0,0.0,0.0,0.0,0.0,1.0,1.0,0.0,1
640,1991,0.0,0.0,,5.2,0.93597,2.0,9.0,19.0,2.0,13.0,0.057603,1.0,0.0,0.0,1.0,0.0,0.0,0.0,0.0,0.0,1.0,5.2,5.2,0.0,0.0,0.0,0.0,1.0,0.0,0.0,0.0,0.0,1.0,0.005888,0.0136925,0.84393185,0.0,0.0,1.0,1.0,1.0,0.0,0.0,0.0,0.0,0.0,0.84393185,0.0,0.0,1.0,0.0,0.0,1.0,0.0,0.0,0.0,1.0,0.0,0.0,0.0,0.0,0.0,1.0,0.0,0.0,1
640,1992,0.75,0.0,11.167,5.375,0.8130758,4.25,5.25,9.0,2.25,10.75,0.2867995,1.25,0.0,0.0,0.75,0.0,0.25,0.0,0.0,0.0,0.75,5.375,5.375,0.0,0.0,0.25,0.0,0.5,0.5,0.0,0.0,0.5,0.25,0.0232454,0.0136385,1.7451913,0.0,0.0,0.75,1.25,1.25,0.0,0.0,0.5270341,0.4427893,0.0,0.7753679,1.25,1.25,0.75,0.0,0.5,0.25,0.5,0.0,0.0,0.25,0.0,0.0,0.5,0.0,0.0,0.25,0.0,0.0,4
640,1994,0.5,0.0,3.4080002,5.375,0.81550825,2.75,6.0,8.75,6.75,10.5,0.43378752,1.0,0.0,0.0,1.0,0.0,0.25,0.0,0.0,0.0,0.5,5.375,5.375,0.0,0.0,0.25,0.0,1.0,0.25,0.0,0.25,0.0,0.5,0.00126505,0.0153099,2.6013386,0.25,0.0,0.25,2.25,2.5,0.0,0.0,0.0,0.4903049,0.0,1.2849789,0.25,0.25,0.5,0.0,0.0,0.5,0.0,0.0,0.0,0.5,0.0,0.0,0.0,0.0,0.0,0.5,0.25,0.0,4
645,1955,0.0,0.0,-1.4,,0.468254,10.0,4.0,4.0,5.0,19.0,2.262473,3.0,1.0,0.0,0.0,0.0,0.0,0.0,0.0,0.0,1.0,-1.4,-1.4,0.0,0.0,0.0,0.0,1.0,0.0,0.0,0.0,0.0,1.0,0.0505929,0.0014816,3.5306888,1.0,0.0,0.0,4.0,5.0,0.0,0.0,0.0,0.0,0.0,3.5306888,1.0,1.0,1.0,0.0,0.0,1.0,0.0,0.0,0.0,1.0,0.0,0.0,0.0,0.0,0.0,1.0,1.0,1.0,1
651,1954,0.0,0.0,-1.4,,0.455285,10.0,10.0,19.0,8.0,20.0,2.512333,1.0,1.0,0.0,0.0,0.0,0.0,0.0,0.0,0.0,1.0,-1.4,-1.4,0.0,0.0,0.0,0.0,1.0,0.0,0.0,0.0,0.0,1.0,0.0565141,0.005177,2.3902645,0.0,0.0,1.0,1.0,1.0,0.0,0.0,0.0,0.0,0.0,2.3902645,0.0,0.0,1.0,0.0,0.0,1.0,0.0,0.0,0.0,1.0,0.0,0.0,0.0,0.0,0.0,1.0,0.0,0.0,1
663,1946,0.0,0.0,-31.3,,0.838384,5.0,3.0,22.0,1.0,7.0,,3.0,1.0,0.0,0.0,0.0,0.0,0.0,0.0,1.0,0.0,-31.3,-31.3,0.0,1.0,0.0,0.0,0.0,0.0,0.0,0.0,0.0,1.0,0.1161727,0.0002177,6.279715,1.0,0.0,0.0,4.0,7.0,0.0,6.279715,0.0,0.0,0.0,6.279715,0.0,0.0,1.0,0.0,0.0,1.0,0.0,0.0,0.0,1.0,0.0,0.0,0.0,1.0,0.0,0.0,1.0,1.0,1
663,1948,0.0,0.0,-31.3,,0.768519,4.0,3.0,15.0,5.0,6.0,,3.0,1.0,0.0,0.0,0.0,0.0,0.0,0.0,1.0,0.0,-31.3,-31.3,0.0,1.0,0.0,0.0,0.0,0.0,0.0,0.0,0.0,1.0,0.075426,0.000219,5.8418355,1.0,0.0,0.0,4.0,7.0,0.0,5.8418355,0.0,0.0,0.0,5.8418355,2.0,2.0,1.0,0.0,0.0,1.0,0.0,0.0,0.0,1.0,0.0,0.0,0.0,1.0,0.0,0.0,1.0,1.0,1
663,1994,0.0,1.0,,-4.314,0.796791,0.0,10.0,26.0,1.0,6.0,2.984146,1.0,0.0,1.0,1.0,0.0,0.0,0.0,0.0,0.0,1.0,-4.314,-4.314,0.0,0.0,0.0,0.0,1.0,0.0,0.0,0.0,0.0,1.0,0.0012756,0.0035468,1.0226291,0.0,0.0,1.0,1.0,1.0,0.0,0.0,0.0,0.0,0.0,1.0226291,1.0,1.0,1.0,0.0,0.0,1.0,0.0,0.0,1.0,0.0,0.0,0.0,0.0,0.0,0.0,1.0,0.0,0.0,1
666,1981,1.0,0.0,22.4,10.598,0.379455,11.0,11.0,30.0,12.0,28.0,0.306008,2.0,1.0,0.0,0.0,1.0,0.0,0.0,0.0,0.0,0.0,22.4,22.4,1.0,0.0,1.0,0.0,0.0,0.0,0.0,0.0,0.0,0.0,0.1380075,0.0032868,3.7373936,1.0,1.0,0.0,3.0,4.0,3.7373936,0.0,0.0,3.7373936,0.0,0.0,2.0,2.0,0.0,0.0,0.0,0.0,0.0,0.0,0.0,0.0,0.0,0.0,0.0,0.0,0.0,0.0,1.0,0.0,1
666,1994,0.0,1.0,,-4.314,0.796791,0.0,10.0,26.0,1.0,6.0,2.984146,1.0,0.0,1.0,1.0,0.0,0.0,0.0,0.0,0.0,1.0,-4.314,-4.314,0.0,0.0,0.0,0.0,1.0,0.0,0.0,0.0,0.0,1.0,0.0012756,0.0035468,1.0226291,0.0,0.0,1.0,1.0,1.0,0.0,0.0,0.0,0.0,0.0,1.0226291,1.0,1.0,1.0,0.0,0.0,1.0,0.0,0.0,1.0,0.0,0.0,0.0,0.0,0.0,0.0,1.0,0.0,0.0,1
692,1991,0.0,0.0,18.3,,0.20904,1.0,1.0,16.0,2.0,8.0,1.889493,3.0,0.0,0.0,1.0,0.0,0.0,0.0,1.0,0.0,0.0,18.3,18.3,1.0,0.0,0.0,0.0,0.0,0.0,0.0,0.0,0.0,1.0,0.0116946,0.0004678,3.2188416,1.0,0.0,0.0,4.0,5.0,3.2188416,0.0,0.0,0.0,0.0,3.2188416,1.0,1.0,1.0,0.0,0.0,1.0,0.0,0.0,0.0,1.0,0.0,0.0,0.0,0.0,1.0,0.0,1.0,1.0,1
701,1994,0.0,0.0,-23.2,,0.803922,2.0,4.0,28.0,6.0,10.0,1.478212,2.0,0.0,0.0,0.0,0.0,0.0,0.0,0.0,1.0,0.0,-23.2,-23.2,0.0,1.0,0.0,0.0,0.0,0.0,0.0,0.0,0.0,1.0,0.0229005,0.0006293,3.594306,0.0,0.0,0.0,2.0,2.0,0.0,3.594306,0.0,0.0,0.0,3.594306,2.0,2.0,1.0,0.0,0.0,1.0,0.0,0.0,0.0,1.0,0.0,0.0,0.0,1.0,0.0,0.0,0.0,0.0,1
701,2002,0.0,0.0,38.153,,,,4.0,23.0,8.0,25.0,0.176082,1.0,0.0,0.0,0.0,0.0,0.0,0.0,1.0,0.0,0.0,38.153,38.153,1.0,0.0,0.0,0.0,0.0,0.0,0.0,0.0,0.0,1.0,0.049657,0.0007128,4.243694,0.0,0.0,0.0,2.0,2.0,4.243694,0.0,0.0,0.0,0.0,4.243694,0.0,0.0,1.0,0.0,0.0,1.0,0.0,0.0,0.0,1.0,0.0,0.0,0.0,0.0,1.0,0.0,0.0,0.0,1
703,1994,0.0,0.0,-8.0745,,0.891266,1.5,8.5,8.0,3.5,6.5,1.2158484,1.5,0.0,0.0,0.5,0.0,0.0,0.0,0.0,0.5,0.5,-8.0745,-8.0745,0.0,0.5,0.0,0.0,0.5,0.0,0.0,0.0,0.0,1.0,0.0125833,0.0003842,2.9312017,0.0,0.0,0.0,2.0,2.0,0.0,2.0438755,0.0,0.0,0.0,2.9312017,1.0,1.0,1.0,0.0,0.0,1.0,0.0,0.0,0.0,1.0,0.0,0.0,0.0,0.5,0.0,0.5,0.0,0.0,2
704,1993,0.0,0.0,-13.6,,0.802867,3.0,10.0,27.0,6.0,11.0,,2.0,0.0,0.0,0.0,0.0,0.0,0.0,0.0,1.0,0.0,-13.6,-13.6,0.0,1.0,0.0,0.0,0.0,0.0,0.0,0.0,0.0,1.0,0.021995,0.0032211,1.9210923,0.0,0.0,0.0,2.0,2.0,0.0,1.9210923,0.0,0.0,0.0,1.9210923,2.0,2.0,1.0,0.0,0.0,1.0,0.0,0.0,0.0,1.0,0.0,0.0,0.0,1.0,0.0,0.0,0.0,0.0,1
704,1995,0.0,0.0,4.0935,,0.946524,0.0,4.5,18.0,0.5,1.5,0.7166435,1.0,0.0,0.0,1.0,0.0,0.0,0.0,0.5,0.0,0.5,4.0935,4.0935,0.0,0.0,0.5,0.0,0.0,0.5,0.0,0.0,1.0,0.0,0.00046445,0.0023936,1.6579586,0.0,0.0,0.5,1.5,1.5,0.0,0.0,1.6579586,0.9248179,0.0,0.0,0.0,0.0,1.0,0.0,0.0,1.0,0.0,0.0,1.0,0.0,0.0,0.0,0.0,0.0,0.5,0.5,0.0,0.0,2
704,1996,0.0,0.0,-17.773,,0.900178,0.0,6.0,6.0,0.0,2.0,0.467476,1.0,0.0,0.0,1.0,0.0,0.0,0.0,0.0,1.0,0.0,-17.773,-17.773,0.0,1.0,0.0,0.0,0.0,0.0,0.0,0.0,0.0,1.0,0.0053573,0.002454,0.78074074,0.0,0.0,1.0,1.0,1.0,0.0,0.78074074,0.0,0.0,0.0,0.78074074,0.0,0.0,1.0,0.0,0.0,1.0,0.0,0.0,0.0,1.0,0.0,0.0,0.0,1.0,0.0,0.0,0.0,0.0,1
704,1997,0.0,0.0,-0.102,,0.900178,0.0,1.0,16.0,0.0,1.0,0.509214,1.0,0.0,0.0,1.0,0.0,0.0,0.0,0.0,0.0,1.0,-0.102,-0.102,0.0,0.0,0.0,0.0,0.0,1.0,0.0,0.0,1.0,0.0,0.0017578,0.0027081,0.43218425,0.0,0.0,1.0,1.0,1.0,0.0,0.0,0.43218425,0.0,0.0,0.0,0.0,0.0,1.0,0.0,0.0,1.0,0.0,0.0,1.0,0.0,0.0,0.0,0.0,0.0,0.0,1.0,0.0,0.0,1
704,1998,0.0,0.0,21.795,,0.900178,0.0,6.0,24.0,1.0,2.0,0.698286,1.0,0.0,0.0,1.0,0.0,0.0,0.0,1.0,0.0,0.0,21.795,21.795,0.0,0.0,1.0,0.0,0.0,0.0,0.0,0.0,1.0,0.0,0.001988,0.0026004,0.26853618,0.0,0.0,0.0,2.0,2.0,0.0,0.0,0.26853618,0.26853618,0.0,0.0,0.0,0.0,1.0,0.0,0.0,1.0,0.0,0.0,1.0,0.0,0.0,0.0,0.0,0.0,1.0,0.0,0.0,0.0,1
705,1992,0.0,0.0,-13.6,,0.797422,2.0,9.0,23.0,5.0,10.0,1.16914,2.0,0.0,0.0,0.0,0.0,0.0,0.0,0.0,1.0,0.0,-13.6,-13.6,0.0,1.0,0.0,0.0,0.0,0.0,0.0,0.0,0.0,1.0,0.0216589,0.0050053,1.4649191,0.0,0.0,0.0,2.0,2.0,0.0,1.4649191,0.0,0.0,0.0,1.4649191,3.0,2.0,1.0,0.0,0.0,1.0,0.0,0.0,0.0,1.0,0.0,0.0,0.0,1.0,0.0,0.0,0.0,0.0,1
705,1994,0.0,0.0,11.711,,0.97861,1.0,12.0,7.0,2.0,3.0,0.781368,1.0,0.0,0.0,1.0,0.0,0.0,0.0,0.0,0.0,1.0,11.711,11.711,0.0,0.0,1.0,0.0,0.0,0.0,0.0,0.0,1.0,0.0,0.0021539,0.0035559,0.50132805,0.0,0.0,1.0,1.0,1.0,0.0,0.0,0.50132805,0.50132805,0.0,0.0,1.0,1.0,1.0,0.0,0.0,1.0,0.0,0.0,1.0,0.0,0.0,0.0,0.0,0.0,1.0,0.0,0.0,0.0,1
710,2001,0.0,0.0,30.0,,,6.0,7.0,16.0,17.0,39.0,0.933805,1.0,0.0,0.0,1.0,0.0,0.0,0.0,1.0,0.0,0.0,30.0,30.0,0.0,0.0,1.0,0.0,0.0,0.0,0.0,0.0,1.0,0.0,0.0535273,0.1654946,1.1287469,0.0,0.0,0.0,2.0,2.0,0.0,0.0,1.1287469,1.1287469,0.0,0.0,0.0,0.0,1.0,0.0,0.0,1.0,0.0,0.0,1.0,0.0,0.0,0.0,0.0,0.0,1.0,0.0,0.0,0.0,1
713,1954,0.0,0.0,19.5,,0.073171,7.0,12.0,2.0,16.0,26.0,0.875806,3.0,1.0,0.0,0.0,0.0,0.0,0.0,1.0,0.0,0.0,19.5,19.5,1.0,0.0,0.0,0.0,0.0,0.0,0.0,0.0,0.0,1.0,0.2809401,0.0064802,3.76939,1.0,1.0,0.0,3.0,3.0,3.76939,0.0,0.0,0.0,0.0,3.76939,0.0,0.0,1.0,0.0,0.0,1.0,0.0,0.0,0.0,1.0,0.0,0.0,0.0,0.0,1.0,0.0,1.0,1.0,1
731,2000,0.0,0.0,30.0,,0.898778,7.0,2.0,9.0,15.0,26.0,2.153045,1.0,0.0,0.0,0.0,0.0,0.0,0.0,1.0,0.0,0.0,30.0,30.0,1.0,0.0,0.0,0.0,0.0,0.0,0.0,0.0,0.0,1.0,0.0515117,0.0103019,1.6094806,0.0,0.0,0.0,2.0,2.0,1.6094806,0.0,0.0,0.0,0.0,1.6094806,0.0,0.0,1.0,0.0,0.0,1.0,0.0,0.0,0.0,1.0,0.0,0.0,0.0,0.0,1.0,0.0,0.0,0.0,1
732,1953,0.0,0.0,19.5,,0.029536,6.0,10.0,1.0,6.0,14.0,,3.0,1.0,0.0,0.0,0.0,0.0,0.0,1.0,0.0,0.0,19.5,19.5,1.0,0.0,0.0,0.0,0.0,0.0,0.0,0.0,0.0,1.0,0.3111584,0.0075858,3.714024,1.0,1.0,0.0,3.0,4.0,3.714024,0.0,0.0,0.0,0.0,3.714024,0.0,0.0,1.0,0.0,0.0,1.0,0.0,0.0,0.0,1.0,0.0,0.0,0.0,0.0,1.0,0.0,1.0,1.0,1
740,1960,1.0,0.0,-5.3,,0.264798,11.0,1.0,19.0,17.0,32.0,0.879866,3.0,1.0,0.0,0.0,0.0,0.0,0.0,0.0,0.0,1.0,-5.3,-5.3,0.0,0.0,0.0,0.0,1.0,0.0,0.0,0.0,0.0,1.0,0.2154438,0.0363349,1.7799214,1.0,1.0,0.0,4.0,6.0,0.0,0.0,0.0,0.0,0.0,1.7799214,1.0,1.0,1.0,0.0,1.0,0.0,0.0,1.0,0.0,0.0,0.0,0.0,1.0,0.0,0.0,0.0,1.0,1.0,1
770,1959,0.0,0.0,-5.3,,0.131086,11.0,3.0,5.0,17.0,34.0,0.454817,1.0,1.0,0.0,0.0,0.0,0.0,0.0,0.0,0.0,1.0,-5.3,-5.3,0.0,0.0,0.0,0.0,1.0,0.0,0.0,0.0,0.0,1.0,0.2289647,0.0102721,3.1041365,1.0,1.0,0.0,4.0,6.0,0.0,0.0,0.0,0.0,0.0,3.1041365,0.0,0.0,1.0,0.0,0.0,1.0,0.0,0.0,0.0,1.0,0.0,0.0,0.0,0.0,0.0,1.0,1.0,0.0,1
812,1953,0.0,0.0,11.505,,0.594937,3.0,10.0,22.0,1.0,4.0,,3.0,1.0,0.0,0.0,0.0,0.0,0.0,1.0,0.0,0.0,11.505,11.505,1.0,0.0,0.0,0.0,0.0,0.0,0.0,0.0,0.0,1.0,0.0317597,0.0003944,4.388588,1.0,0.0,0.0,4.0,5.0,4.388588,0.0,0.0,0.0,0.0,4.388588,2.0,2.0,1.0,0.0,0.0,1.0,0.0,0.0,0.0,1.0,0.0,0.0,0.0,0.0,1.0,0.0,1.0,1.0,1
820,1957,1.0,0.0,-30.6,,0.610487,6.0,10.0,12.0,5.0,12.0,2.224717,3.0,1.0,0.0,0.0,0.0,0.0,0.0,0.0,1.0,0.0,-30.6,-30.6,0.0,1.0,0.0,0.0,0.0,0.0,0.0,0.0,0.0,1.0,0.0473189,0.0014611,3.4777203,1.0,1.0,0.0,3.0,4.0,0.0,3.4777203,0.0,0.0,0.0,3.4777203,0.0,0.0,1.0,0.0,1.0,0.0,0.0,1.0,0.0,0.0,1.0,0.0,0.0,0.0,0.0,0.0,1.0,1.0,1
840,1951,0.0,0.0,-18.905,,0.078947,6.0,8.0,30.0,7.0,9.0,1.207422,1.0,1.0,0.0,0.0,0.0,0.0,0.0,0.0,1.0,0.0,-18.905,-18.905,0.0,1.0,0.0,0.0,0.0,0.0,0.0,0.0,0.0,1.0,0.3194995,0.0032308,4.594026,1.0,1.0,0.0,3.0,4.0,0.0,4.594026,0.0,0.0,0.0,4.594026,0.0,0.0,1.0,0.0,0.0,1.0,0.0,0.0,0.0,1.0,0.0,0.0,0.0,1.0,0.0,0.0,1.0,0.0,1
850,1995,0.0,0.0,,-0.165,0.975045,0.0,12.0,18.0,1.0,1.0,2.053211,1.0,0.0,0.0,1.0,0.0,0.0,0.0,0.0,0.0,1.0,-0.165,-0.165,0.0,0.0,0.0,0.0,1.0,0.0,0.0,0.0,0.0,1.0,0.0144839,0.0079414,0.60094815,0.0,0.0,0.0,2.0,2.0,0.0,0.0,0.0,0.0,0.0,0.60094815,0.0,0.0,1.0,0.0,0.0,1.0,0.0,0.0,1.0,0.0,0.0,0.0,0.0,0.0,0.0,1.0,0.0,0.0,1
900,1995,0.0,0.0,,-0.165,0.975045,0.0,12.0,18.0,1.0,1.0,2.053211,1.0,0.0,0.0,1.0,0.0,0.0,0.0,0.0,0.0,1.0,-0.165,-0.165,0.0,0.0,0.0,0.0,1.0,0.0,0.0,0.0,0.0,1.0,0.0144839,0.0079414,0.60094815,0.0,0.0,0.0,2.0,2.0,0.0,0.0,0.0,0.0,0.0,0.60094815,0.0,0.0,1.0,0.0,0.0,1.0,0.0,0.0,1.0,0.0,0.0,0.0,0.0,0.0,0.0,1.0,0.0,0.0,1
